RFID No/FACE,Name,Gender,Designation,Department,Staff,Staff Type,Bank Name,Quarter,PF,Pay Rule,Scale,EmployeeCode,Date of Birth,Date of Joining,Date of Increment,Date of Retirement,Actual Basic,Grade Pay,Salary,Mobile,Personal Email ID,Employee Type,H.R.A,UserLogin,Pay Status,T.A,EmployeeStatus
RF001,Rohit Kaur,Male,Professor,Physics,Teaching,Permanent,Axis Bank,Q3,PF12345,Standard,S5,EMP001,24-09-1971,26-08-2002,01-04-2025,24-09-2031,56080,6600,87635,9876543201,rohit.kaur@email.com,Full-Time,22432,rkaur,Active,2523,Active
RF002,Vidya Saxena,Female,Manager,Stores,Non-Teaching,Permanent,Union Bank,Q3,PF12346,Standard,S1,EMP002,13-07-1972,13-01-2000,01-04-2025,13-07-2032,48870,5400,76017,9876543202,vidya.saxena@email.com,Full-Time,19548,vsaxena,Active,2199,Active
RF003,Kavita Malhotra,Female,Executive,Library,Non-Teaching,Permanent,ICICI Bank,Q1,PF12347,Standard,S5,EMP003,20-12-1973,27-12-2001,01-04-2025,20-12-2033,37354,4800,58775,9876543203,kavita.malhotra@email.com,Full-Time,14941,kmalhotra,Active,1680,Active
RF004,Manoj Verma,Male,Assistant Professor,Philosophy,Teaching,Permanent,HDFC Bank,Q3,PF12348,Standard,S5,EMP004,27-07-1974,07-01-2006,01-04-2025,27-07-2034,44062,5400,69068,9876543204,manoj.verma@email.com,Full-Time,17624,mverma,Active,1982,Active
RF005,Meera Arora,Female,Assistant Professor,Sociology,Teaching,Permanent,ICICI Bank,Q1,PF12349,Standard,S3,EMP005,17-02-1975,17-01-2006,01-04-2025,17-02-2035,41692,5400,65644,9876543205,meera.arora@email.com,Full-Time,16676,marora,Active,1876,Active
RF006,Amit Bhatia,Male,Associate Professor,Chemistry,Teaching,Permanent,Bank of Baroda,Q1,PF12350,Standard,S6,EMP006,19-05-1976,21-04-2007,01-04-2025,19-05-2036,49807,5400,77370,9876543206,amit.bhatia@email.com,Full-Time,19922,abhatia,Active,2241,Active
RF007,Ganesh Singh,Male,Operator,Stores,Non-Teaching,Permanent,Union Bank,Q2,PF12351,Standard,S2,EMP007,16-09-1977,02-08-2006,01-04-2025,16-09-2037,33131,3600,51473,9876543207,ganesh.singh@email.com,Full-Time,13252,gsingh,Active,1490,Active
RF008,Pooja Dutta,Female,Assistant Professor,IT,Teaching,Permanent,PNB,Q4,PF12352,Standard,S3,EMP008,27-06-1978,14-11-2001,01-04-2025,27-06-2038,43383,5400,68088,9876543208,pooja.dutta@email.com,Full-Time,17353,pdutta,Active,1952,Active
RF009,Sneha Kumar,Female,Professor,Physics,Teaching,Permanent,SBI,Q3,PF12353,Standard,S3,EMP009,02-11-1979,23-04-2002,01-04-2025,02-11-2039,62022,6600,96220,9876543209,sneha.kumar@email.com,Full-Time,24808,skumar,Active,2790,Active
RF010,Alka Malhotra,Female,Assistant,Maintenance,Non-Teaching,Permanent,Canara Bank,Q2,PF12354,Standard,S5,EMP010,02-03-1980,02-06-2007,01-04-2025,02-03-2040,29512,3600,46244,9876543210,alka.malhotra@email.com,Full-Time,11804,amalhotra,Active,1328,Active
RF011,Ritu Ghosh,Female,Assistant Professor,Political Science,Teaching,Permanent,HDFC Bank,Q1,PF12355,Standard,S3,EMP011,21-11-1981,05-03-2006,01-04-2025,21-11-2041,41230,5400,64977,9876543211,ritu.ghosh@email.com,Full-Time,16492,rghosh,Active,1855,Active
RF012,Nisha Dubey,Female,Lecturer,Sociology,Teaching,Contract,SBI,Q1,PF12356,Standard,S1,EMP012,12-05-1982,23-12-2007,01-04-2025,12-05-2042,40748,5400,64280,9876543212,nisha.dubey@email.com,Full-Time,16299,ndubey,Active,1833,Active
RF013,Ramesh Chandra,Male,Manager,Hostel,Non-Teaching,Permanent,Bank of Baroda,Q4,PF12357,Standard,S6,EMP013,11-02-1983,21-08-2008,01-04-2025,11-02-2043,46195,5400,72151,9876543213,ramesh.chandra@email.com,Full-Time,18478,rchandra,Active,2078,Active
RF014,Ashok Trivedi,Male,Assistant Professor,Economics,Teaching,Permanent,PNB,Q1,PF12358,Standard,S6,EMP014,12-03-1984,18-01-2008,01-04-2025,12-03-2044,42401,5400,66669,9876543214,ashok.trivedi@email.com,Full-Time,16960,atrivedi,Active,1908,Active
RF015,Rajesh Mishra,Male,Attendant,Administration,Non-Teaching,Permanent,SBI,Q1,PF12359,Standard,S5,EMP015,11-04-1985,17-03-2015,01-04-2025,11-04-2045,25322,3600,40189,9876543215,rajesh.mishra@email.com,Full-Time,10128,rmishra,Active,1139,Active
RF016,Vandana Khanna,Female,Coordinator,Medical,Non-Teaching,Permanent,PNB,Q4,PF12360,Standard,S1,EMP016,25-03-1986,19-08-2019,01-04-2025,25-03-2046,37966,4800,59660,9876543216,vandana.khanna@email.com,Full-Time,15186,vkhanna,Active,1708,Active
RF017,Anita Kaur,Female,Coordinator,Maintenance,Non-Teaching,Permanent,SBI,Q4,PF12361,Standard,S1,EMP017,28-10-1987,12-02-2012,01-04-2025,28-10-2047,37190,4800,58539,9876543217,anita.kaur@email.com,Full-Time,14876,akaur,Active,1673,Active
RF018,Harish Khanna,Male,Attendant,Security,Non-Teaching,Permanent,Axis Bank,Q1,PF12362,Standard,S2,EMP018,16-01-1988,28-01-2018,01-04-2025,16-01-2048,29020,3600,45533,9876543218,harish.khanna@email.com,Full-Time,11608,hkhanna,Active,1305,Active
RF019,Sarita Kaur,Female,Lecturer,MBA,Teaching,Permanent,Canara Bank,Q4,PF12363,Standard,S2,EMP019,10-12-1989,16-06-2019,01-04-2025,10-12-2049,41486,5400,65346,9876543219,sarita.kaur@email.com,Full-Time,16594,skaur,Active,1866,Active
RF020,Priya Ghosh,Female,Operator,Stores,Non-Teaching,Permanent,Bank of Baroda,Q2,PF12364,Standard,S5,EMP020,06-01-1990,10-05-2017,01-04-2025,06-01-2050,27721,3600,43656,9876543220,priya.ghosh@email.com,Full-Time,11088,pghosh,Active,1247,Active
RF021,Bhaskar Trivedi,Male,Associate Professor,Psychology,Teaching,Permanent,PNB,Q3,PF12365,Standard,S3,EMP021,24-04-1991,26-09-2023,01-04-2025,24-04-2051,49808,5400,77372,9876543221,bhaskar.trivedi@email.com,Full-Time,19923,btrivedi,Active,2241,Active
RF022,Rashmi Tiwari,Female,Associate Professor,Electrical Engineering,Teaching,Permanent,Axis Bank,Q4,PF12366,Standard,S4,EMP022,24-11-1992,08-06-2020,01-04-2025,24-11-2052,44591,5400,69833,9876543222,rashmi.tiwari@email.com,Full-Time,17836,rtiwari,Active,2006,Active
RF023,Karthik Nair,Male,Assistant Professor,IT,Teaching,Permanent,SBI,Q4,PF12367,Standard,S3,EMP023,16-02-1993,14-05-2017,01-04-2025,16-02-2053,41136,5400,64841,9876543223,karthik.nair@email.com,Full-Time,16454,knair,Active,1851,Active
RF024,Pooja Sharma,Female,Lecturer,Biology,Teaching,Contract,ICICI Bank,Q3,PF12368,Special,S6,EMP024,25-09-1994,26-02-2024,01-04-2025,25-09-2054,41887,5400,65925,9876543224,pooja.sharma@email.com,Full-Time,16754,psharma,Active,1884,Active
RF025,Sarita Sinha,Female,Officer,Maintenance,Non-Teaching,Contract,Bank of Baroda,Q2,PF12369,Special,S2,EMP025,15-09-1995,23-03-2028,01-04-2025,15-09-2055,40330,4800,63076,9876543225,sarita.sinha@email.com,Full-Time,16132,ssinha,Active,1814,Active
RF026,Neha Patel,Female,Technician,Security,Non-Teaching,Contract,HDFC Bank,Q3,PF12370,Standard,S3,EMP026,10-11-1996,07-05-2028,01-04-2025,10-11-2056,38519,4800,60459,9876543226,neha.patel@email.com,Full-Time,15407,npatel,Active,1733,Active
RF027,Vishal Bhatt,Male,Attendant,Administration,Non-Teaching,Permanent,PNB,Q3,PF12371,Standard,S5,EMP027,08-07-1997,09-11-2026,01-04-2025,08-07-2057,25319,3600,40185,9876543227,vishal.bhatt@email.com,Full-Time,10127,vbhatt,Active,1139,Active
RF028,Anjali Singh,Female,Coordinator,Hostel,Non-Teaching,Permanent,Canara Bank,Q4,PF12372,Standard,S5,EMP028,20-07-1998,16-03-2031,01-04-2025,20-07-2058,37231,4800,58598,9876543228,anjali.singh@email.com,Full-Time,14892,asingh,Active,1675,Active
RF029,Arun Sinha,Male,Professor,History,Teaching,Permanent,PNB,Q4,PF12373,Standard,S5,EMP029,18-07-1999,02-03-2027,01-04-2025,18-07-2059,62269,6600,96578,9876543229,arun.sinha@email.com,Full-Time,24907,asinha,Active,2802,Active
RF030,Jyoti Gupta,Female,Professor,Computer Science,Teaching,Permanent,ICICI Bank,Q2,PF12374,Standard,S2,EMP030,03-07-2000,20-02-2024,01-04-2025,03-07-2060,52518,6600,82488,9876543230,jyoti.gupta@email.com,Full-Time,21007,jgupta,Active,2363,Active
RF031,Sonal Dutta,Female,Clerk,Canteen,Non-Teaching,Permanent,Bank of Baroda,Q3,PF12375,Standard,S1,EMP031,08-02-2001,18-10-2025,01-04-2025,08-02-2061,33340,3600,51776,9876543231,sonal.dutta@email.com,Full-Time,13336,sdutta,Active,1500,Active
RF032,Tanvi Bhatia,Female,Assistant Professor,Mathematics,Teaching,Permanent,Canara Bank,Q3,PF12376,Standard,S2,EMP032,04-03-2002,23-03-2035,01-04-2025,04-03-2062,44282,5400,69386,9876543232,tanvi.bhatia@email.com,Full-Time,17712,tbhatia,Active,1992,Active
RF033,Pallavi Kulkarni,Female,Clerk,Stores,Non-Teaching,Permanent,HDFC Bank,Q1,PF12377,Standard,S6,EMP033,27-02-2003,17-04-2030,01-04-2025,27-02-2063,30712,3600,47978,9876543233,pallavi.kulkarni@email.com,Full-Time,12284,pkulkarni,Active,1382,Active
RF034,Megha Reddy,Female,Officer,Hostel,Non-Teaching,Contract,Canara Bank,Q1,PF12378,Special,S3,EMP034,02-05-2004,20-11-2027,01-04-2025,02-05-2064,37639,4800,59187,9876543234,megha.reddy@email.com,Full-Time,15055,mreddy,Active,1693,Active
RF035,Alka Mehta,Female,Professor,History,Teaching,Contract,Axis Bank,Q4,PF12379,Standard,S4,EMP035,01-02-2005,06-05-2034,01-04-2025,01-02-2065,62929,6600,97531,9876543235,alka.mehta@email.com,Full-Time,25171,amehta,Active,2831,Active
RF036,Rekha Dutta,Female,Lecturer,Political Science,Teaching,Permanent,Axis Bank,Q3,PF12380,Standard,S2,EMP036,01-10-1970,24-05-2002,01-04-2025,01-10-2030,38053,5400,60386,9876543236,rekha.dutta@email.com,Full-Time,15221,rdutta,Active,1712,Active
RF037,Rekha Agarwal,Female,Lecturer,Biology,Teaching,Permanent,SBI,Q2,PF12381,Standard,S3,EMP037,15-02-1971,03-04-2003,01-04-2025,15-02-2031,39647,5400,62689,9876543237,rekha.agarwal@email.com,Full-Time,15858,ragarwal,Active,1784,Active
RF038,Amit Bansal,Male,Lecturer,Political Science,Teaching,Permanent,Bank of Baroda,Q4,PF12382,Standard,S5,EMP038,07-10-1972,15-11-2001,01-04-2025,07-10-2032,39896,5400,63049,9876543238,amit.bansal@email.com,Full-Time,15958,abansal,Active,1795,Active
RF039,Vinay Patel,Male,Professor,Civil Engineering,Teaching,Permanent,SBI,Q2,PF12383,Standard,S6,EMP039,05-06-1973,18-02-1998,01-04-2025,05-06-2033,59216,6600,92166,9876543239,vinay.patel@email.com,Full-Time,23686,vpatel,Active,2664,Active
RF040,Ritu Iyer,Female,Associate Professor,Philosophy,Teaching,Permanent,Canara Bank,Q1,PF12384,Standard,S5,EMP040,18-09-1974,02-04-2004,01-04-2025,18-09-2034,45157,5400,70651,9876543240,ritu.iyer@email.com,Full-Time,18062,riyer,Active,2032,Active
RF041,Jyoti Chopra,Female,Associate Professor,Sociology,Teaching,Permanent,Union Bank,Q4,PF12385,Standard,S3,EMP041,27-04-1975,03-11-2008,01-04-2025,27-04-2035,48121,5400,74934,9876543241,jyoti.chopra@email.com,Full-Time,19248,jchopra,Active,2165,Active
RF042,Krishna Mehta,Male,Assistant Professor,Civil Engineering,Teaching,Permanent,PNB,Q2,PF12386,Standard,S6,EMP042,18-10-1976,05-04-2003,01-04-2025,18-10-2036,41233,5400,64981,9876543242,krishna.mehta@email.com,Full-Time,16493,kmehta,Active,1855,Active
RF043,Tarun Chauhan,Male,Lecturer,Computer Science,Teaching,Contract,HDFC Bank,Q1,PF12387,Special,S4,EMP043,10-01-1977,18-10-2001,01-04-2025,10-01-2037,41169,5400,64888,9876543243,tarun.chauhan@email.com,Full-Time,16467,tchauhan,Active,1852,Active
RF044,Satish Krishnan,Male,Operator,Maintenance,Non-Teaching,Permanent,Bank of Baroda,Q4,PF12388,Standard,S6,EMP044,19-10-1978,01-04-2011,01-04-2025,19-10-2038,33672,3600,52255,9876543244,satish.krishnan@email.com,Full-Time,13468,skrishnan,Active,1515,Active
RF045,Priya Kumar,Female,Technician,Sports,Non-Teaching,Permanent,Bank of Baroda,Q2,PF12389,Standard,S5,EMP045,23-12-1979,16-03-2010,01-04-2025,23-12-2039,34268,4800,54317,9876543245,priya.kumar@email.com,Full-Time,13707,pkumar,Active,1542,Active
RF046,Priya Bhatia,Female,Assistant Professor,Physics,Teaching,Permanent,Axis Bank,Q4,PF12390,Standard,S6,EMP046,08-04-1980,11-02-2008,01-04-2025,08-04-2040,43132,5400,67724,9876543246,priya.bhatia@email.com,Full-Time,17252,pbhatia,Active,1940,Active
RF047,Sunita Chopra,Female,Professor,Philosophy,Teaching,Permanent,Union Bank,Q1,PF12391,Standard,S5,EMP047,19-04-1981,19-09-2012,01-04-2025,19-04-2041,55678,6600,87054,9876543247,sunita.chopra@email.com,Full-Time,22271,schopra,Active,2505,Active
RF048,Hemant Ghosh,Male,Manager,Finance,Non-Teaching,Permanent,PNB,Q4,PF12392,Standard,S2,EMP048,14-12-1982,13-06-2006,01-04-2025,14-12-2042,47531,5400,74081,9876543248,hemant.ghosh@email.com,Full-Time,19012,hghosh,Active,2138,Active
RF049,Tanvi Arora,Female,Lecturer,MBA,Teaching,Permanent,Canara Bank,Q2,PF12393,Standard,S3,EMP049,08-09-1983,15-09-2013,01-04-2025,08-09-2043,39003,5400,61759,9876543249,tanvi.arora@email.com,Full-Time,15601,tarora,Active,1755,Active
RF050,Rashmi Verma,Female,Attendant,Finance,Non-Teaching,Permanent,PNB,Q3,PF12394,Standard,S1,EMP050,08-03-1984,04-06-2016,01-04-2025,08-03-2044,31309,3600,48840,9876543250,rashmi.verma@email.com,Full-Time,12523,rverma,Active,1408,Active
RF051,Alka Verma,Female,Manager,Finance,Non-Teaching,Permanent,Canara Bank,Q3,PF12395,Standard,S2,EMP051,26-03-1985,14-01-2018,01-04-2025,26-03-2045,51523,5400,79850,9876543251,alka.verma@email.com,Full-Time,20609,averma,Active,2318,Active
RF052,Jagdish Dubey,Male,Lecturer,IT,Teaching,Permanent,Canara Bank,Q2,PF12396,Standard,S1,EMP052,05-08-1986,14-01-2018,01-04-2025,05-08-2046,39349,5400,62258,9876543252,jagdish.dubey@email.com,Full-Time,15739,jdubey,Active,1770,Active
RF053,Pooja Patel,Female,Assistant Professor,Commerce,Teaching,Permanent,ICICI Bank,Q4,PF12397,Standard,S4,EMP053,04-04-1987,20-07-2014,01-04-2025,04-04-2047,43588,5400,68384,9876543253,pooja.patel@email.com,Full-Time,17435,ppatel,Active,1961,Active
RF054,Naveen Kaur,Male,Supervisor,Canteen,Non-Teaching,Permanent,SBI,Q3,PF12398,Standard,S3,EMP054,01-07-1988,10-08-2012,01-04-2025,01-07-2048,35247,4800,55731,9876543254,naveen.kaur@email.com,Full-Time,14098,nkaur,Active,1586,Active
RF055,Sonal Bansal,Female,Technician,Hostel,Non-Teaching,Contract,Axis Bank,Q2,PF12399,Special,S2,EMP055,26-02-1989,03-10-2015,01-04-2025,26-02-2049,34888,4800,55212,9876543255,sonal.bansal@email.com,Full-Time,13955,sbansal,Active,1569,Active
RF056,Sumit Krishnan,Male,Associate Professor,Mechanical Engineering,Teaching,Permanent,Canara Bank,Q2,PF12400,Standard,S2,EMP056,12-06-1990,08-12-2020,01-04-2025,12-06-2050,46000,5400,71870,9876543256,sumit.krishnan@email.com,Full-Time,18400,skrishnan,Active,2070,Active
RF057,Rohit Chandra,Male,Associate Professor,Computer Science,Teaching,Permanent,Union Bank,Q1,PF12401,Standard,S3,EMP057,17-03-1991,15-03-2023,01-04-2025,17-03-2051,45111,5400,70584,9876543257,rohit.chandra@email.com,Full-Time,18044,rchandra,Active,2029,Active
RF058,Bharat Kaur,Male,Professor,Sociology,Teaching,Permanent,PNB,Q1,PF12402,Standard,S6,EMP058,16-11-1992,22-07-2024,01-04-2025,16-11-2052,60267,6600,93685,9876543258,bharat.kaur@email.com,Full-Time,24106,bkaur,Active,2712,Active
RF059,Ramesh Jain,Male,Assistant Professor,Biology,Teaching,Permanent,Union Bank,Q4,PF12403,Standard,S3,EMP059,20-08-1993,12-05-2017,01-04-2025,20-08-2053,40747,5400,64278,9876543259,ramesh.jain@email.com,Full-Time,16298,rjain,Active,1833,Active
RF060,Naveen Kapoor,Male,Assistant Professor,IT,Teaching,Permanent,Bank of Baroda,Q3,PF12404,Standard,S5,EMP060,02-11-1994,13-08-2020,01-04-2025,02-11-2054,40216,5400,63511,9876543260,naveen.kapoor@email.com,Full-Time,16086,nkapoor,Active,1809,Active
RF061,Meera Verma,Female,Attendant,Library,Non-Teaching,Contract,ICICI Bank,Q1,PF12405,Contract,S3,EMP061,06-08-1995,04-08-2026,01-04-2025,06-08-2055,25564,3600,40539,9876543261,meera.verma@email.com,Full-Time,10225,mverma,Active,1150,Active
RF062,Harish Nair,Male,Associate Professor,Geography,Teaching,Permanent,HDFC Bank,Q4,PF12406,Standard,S5,EMP062,01-09-1996,05-01-2026,01-04-2025,01-09-2056,46917,5400,73194,9876543262,harish.nair@email.com,Full-Time,18766,hnair,Active,2111,Active
RF063,Alka Arora,Female,Associate Professor,Physics,Teaching,Permanent,Axis Bank,Q4,PF12407,Standard,S2,EMP063,06-06-1997,06-08-2028,01-04-2025,06-06-2057,42754,5400,67178,9876543263,alka.arora@email.com,Full-Time,17101,aarora,Active,1923,Active
RF064,Poornima Mishra,Female,Associate Professor,Commerce,Teaching,Permanent,Axis Bank,Q1,PF12408,Standard,S3,EMP064,03-09-1998,23-02-2029,01-04-2025,03-09-2058,49022,5400,76235,9876543264,poornima.mishra@email.com,Full-Time,19608,pmishra,Active,2205,Active
RF065,Jagdish Reddy,Male,Lecturer,Political Science,Teaching,Permanent,HDFC Bank,Q4,PF12409,Standard,S1,EMP065,07-08-1999,28-03-2032,01-04-2025,07-08-2059,41348,5400,65147,9876543265,jagdish.reddy@email.com,Full-Time,16539,jreddy,Active,1860,Active
RF066,Anil Sharma,Male,Assistant Professor,Civil Engineering,Teaching,Permanent,Union Bank,Q2,PF12410,Standard,S3,EMP066,25-05-2000,05-08-2029,01-04-2025,25-05-2060,44320,5400,69442,9876543266,anil.sharma@email.com,Full-Time,17728,asharma,Active,1994,Active
RF067,Amit Arora,Male,Clerk,Finance,Non-Teaching,Permanent,Axis Bank,Q2,PF12411,Standard,S5,EMP067,25-10-2001,19-09-2032,01-04-2025,25-10-2061,24209,3600,38581,9876543267,amit.arora@email.com,Full-Time,9683,aarora,Active,1089,Active
RF068,Simran Chauhan,Female,Executive,Canteen,Non-Teaching,Contract,ICICI Bank,Q1,PF12412,Standard,S4,EMP068,20-05-2002,14-06-2030,01-04-2025,20-05-2062,34919,4800,55257,9876543268,simran.chauhan@email.com,Full-Time,13967,schauhan,Active,1571,Active
RF069,Bhaskar Chandra,Male,Supervisor,Hostel,Non-Teaching,Permanent,ICICI Bank,Q2,PF12413,Standard,S4,EMP069,23-12-2003,28-02-2034,01-04-2025,23-12-2063,39402,4800,61735,9876543269,bhaskar.chandra@email.com,Full-Time,15760,bchandra,Active,1773,Active
RF070,Aarti Kumar,Female,Lecturer,Civil Engineering,Teaching,Permanent,Axis Bank,Q3,PF12414,Standard,S5,EMP070,16-08-2004,11-04-2034,01-04-2025,16-08-2064,38741,5400,61380,9876543270,aarti.kumar@email.com,Full-Time,15496,akumar,Active,1743,Active
RF071,Gopal Gupta,Male,Executive,Student Affairs,Non-Teaching,Permanent,HDFC Bank,Q2,PF12415,Standard,S1,EMP071,06-10-2005,08-07-2032,01-04-2025,06-10-2065,38974,4800,61116,9876543271,gopal.gupta@email.com,Full-Time,15589,ggupta,Active,1753,Active
RF072,Hemant Nair,Male,Professor,Commerce,Teaching,Permanent,ICICI Bank,Q1,PF12416,Standard,S5,EMP072,09-03-1970,23-12-1995,01-04-2025,09-03-2030,58863,6600,91656,9876543272,hemant.nair@email.com,Full-Time,23545,hnair,Active,2648,Active
RF073,Rekha Pandey,Female,Associate Professor,Computer Science,Teaching,Contract,Axis Bank,Q2,PF12417,Standard,S4,EMP073,25-11-1971,07-11-1999,01-04-2025,25-11-2031,48029,5400,74801,9876543273,rekha.pandey@email.com,Full-Time,19211,rpandey,Active,2161,Active
RF074,Ajay Arora,Male,Supervisor,Human Resources,Non-Teaching,Permanent,Bank of Baroda,Q1,PF12418,Standard,S1,EMP074,02-12-1972,14-02-1998,01-04-2025,02-12-2032,34953,4800,55306,9876543274,ajay.arora@email.com,Full-Time,13981,aarora,Active,1572,Active
RF075,Prachi Patel,Female,Technician,Student Affairs,Non-Teaching,Contract,PNB,Q1,PF12419,Standard,S6,EMP075,21-04-1973,14-07-2006,01-04-2025,21-04-2033,35194,4800,55654,9876543275,prachi.patel@email.com,Full-Time,14077,ppatel,Active,1583,Active
RF076,Sunita Joshi,Female,Technician,Hostel,Non-Teaching,Permanent,SBI,Q3,PF12420,Standard,S4,EMP076,25-11-1974,03-10-2006,01-04-2025,25-11-2034,36481,4800,57514,9876543276,sunita.joshi@email.com,Full-Time,14592,sjoshi,Active,1641,Active
RF077,Aarti Dubey,Female,Assistant Professor,Chemistry,Teaching,Permanent,HDFC Bank,Q3,PF12421,Standard,S3,EMP077,18-07-1975,03-07-2002,01-04-2025,18-07-2035,41849,5400,65871,9876543277,aarti.dubey@email.com,Full-Time,16739,adubey,Active,1883,Active
RF078,Naveen Mishra,Male,Assistant Professor,Political Science,Teaching,Permanent,ICICI Bank,Q4,PF12422,Standard,S2,EMP078,28-08-1976,12-09-1999,01-04-2025,28-08-2036,41525,5400,65403,9876543278,naveen.mishra@email.com,Full-Time,16610,nmishra,Active,1868,Active
RF079,Urmila Kumar,Female,Associate Professor,Political Science,Teaching,Contract,Bank of Baroda,Q4,PF12423,Standard,S3,EMP079,04-08-1977,11-03-2001,01-04-2025,04-08-2037,42380,5400,66639,9876543279,urmila.kumar@email.com,Full-Time,16952,ukumar,Active,1907,Active
RF080,Simran Kaur,Female,Attendant,Sports,Non-Teaching,Permanent,Union Bank,Q4,PF12424,Standard,S2,EMP080,28-02-1978,12-11-2009,01-04-2025,28-02-2038,20410,3600,33092,9876543280,simran.kaur@email.com,Full-Time,8164,skaur,Active,918,Active
RF081,Shruti Khanna,Female,Manager,Security,Non-Teaching,Permanent,Bank of Baroda,Q1,PF12425,Standard,S5,EMP081,09-02-1979,20-03-2002,01-04-2025,09-02-2039,48855,5400,75995,9876543281,shruti.khanna@email.com,Full-Time,19542,skhanna,Active,2198,Active
RF082,Sandeep Nair,Male,Attendant,Placement,Non-Teaching,Permanent,Bank of Baroda,Q4,PF12426,Standard,S5,EMP082,18-09-1980,23-06-2007,01-04-2025,18-09-2040,33876,3600,52550,9876543282,sandeep.nair@email.com,Full-Time,13550,snair,Active,1524,Active
RF083,Ramesh Sharma,Male,Attendant,Medical,Non-Teaching,Permanent,PNB,Q2,PF12427,Standard,S5,EMP083,18-06-1981,20-09-2009,01-04-2025,18-06-2041,22975,3600,36798,9876543283,ramesh.sharma@email.com,Full-Time,9190,rsharma,Active,1033,Active
RF084,Bharti Patel,Female,Clerk,Security,Non-Teaching,Permanent,Union Bank,Q2,PF12428,Standard,S1,EMP084,27-04-1982,22-12-2007,01-04-2025,27-04-2042,32657,3600,50788,9876543284,bharti.patel@email.com,Full-Time,13062,bpatel,Active,1469,Active
RF085,Sandeep Pandey,Male,Assistant Professor,Geography,Teaching,Permanent,Axis Bank,Q4,PF12429,Standard,S4,EMP085,19-06-1983,24-04-2008,01-04-2025,19-06-2043,41905,5400,65952,9876543285,sandeep.pandey@email.com,Full-Time,16762,spandey,Active,1885,Active
RF086,Jyoti Trivedi,Female,Assistant Professor,Political Science,Teaching,Permanent,Bank of Baroda,Q3,PF12430,Standard,S6,EMP086,11-12-1984,03-10-2007,01-04-2025,11-12-2044,40681,5400,64183,9876543286,jyoti.trivedi@email.com,Full-Time,16272,jtrivedi,Active,1830,Active
RF087,Vinay Sharma,Male,Professor,History,Teaching,Contract,Union Bank,Q1,PF12431,Standard,S2,EMP087,20-08-1985,19-12-2010,01-04-2025,20-08-2045,52222,6600,82059,9876543287,vinay.sharma@email.com,Full-Time,20888,vsharma,Active,2349,Active
RF088,Satish Khanna,Male,Professor,History,Teaching,Permanent,Union Bank,Q2,PF12432,Standard,S4,EMP088,27-04-1986,12-11-2016,01-04-2025,27-04-2046,63437,6600,98265,9876543288,satish.khanna@email.com,Full-Time,25374,skhanna,Active,2854,Active
RF089,Nisha Singh,Female,Lecturer,MBA,Teaching,Permanent,PNB,Q3,PF12433,Standard,S6,EMP089,14-03-1987,06-11-2016,01-04-2025,14-03-2047,40772,5400,64314,9876543289,nisha.singh@email.com,Full-Time,16308,nsingh,Active,1834,Active
RF090,Deepak Mishra,Male,Associate Professor,Chemistry,Teaching,Permanent,Bank of Baroda,Q4,PF12434,Standard,S1,EMP090,21-12-1988,14-12-2016,01-04-2025,21-12-2048,48807,5400,75925,9876543290,deepak.mishra@email.com,Full-Time,19522,dmishra,Active,2196,Active
RF091,Simran Menon,Female,Clerk,Security,Non-Teaching,Contract,Canara Bank,Q4,PF12435,Special,S1,EMP091,13-08-1989,26-12-2018,01-04-2025,13-08-2049,33171,3600,51531,9876543291,simran.menon@email.com,Full-Time,13268,smenon,Active,1492,Active
RF092,Gaurav Singh,Male,Professor,History,Teaching,Permanent,PNB,Q3,PF12436,Standard,S5,EMP092,20-10-1990,03-11-2014,01-04-2025,20-10-2050,52059,6600,81824,9876543292,gaurav.singh@email.com,Full-Time,20823,gsingh,Active,2342,Active
RF093,Swati Menon,Female,Associate Professor,Political Science,Teaching,Permanent,ICICI Bank,Q3,PF12437,Standard,S1,EMP093,18-05-1991,07-10-2017,01-04-2025,18-05-2051,47055,5400,73394,9876543293,swati.menon@email.com,Full-Time,18822,smenon,Active,2117,Active
RF094,Vandana Malhotra,Female,Associate Professor,Biology,Teaching,Permanent,Union Bank,Q2,PF12438,Standard,S1,EMP094,18-05-1992,28-06-2016,01-04-2025,18-05-2052,44590,5400,69832,9876543294,vandana.malhotra@email.com,Full-Time,17836,vmalhotra,Active,2006,Active
RF095,Satish Nair,Male,Executive,Administration,Non-Teaching,Contract,HDFC Bank,Q3,PF12439,Contract,S5,EMP095,05-05-1993,24-08-2020,01-04-2025,05-05-2053,34141,4800,54133,9876543295,satish.nair@email.com,Full-Time,13656,snair,Active,1536,Active
RF096,Jagdish Dutta,Male,Associate Professor,IT,Teaching,Permanent,SBI,Q1,PF12440,Standard,S4,EMP096,28-11-1994,07-06-2026,01-04-2025,28-11-2054,46348,5400,72372,9876543296,jagdish.dutta@email.com,Full-Time,18539,jdutta,Active,2085,Active
RF097,Kamal Menon,Male,Associate Professor,MBA,Teaching,Permanent,PNB,Q1,PF12441,Standard,S5,EMP097,07-05-1995,10-03-2021,01-04-2025,07-05-2055,44613,5400,69865,9876543297,kamal.menon@email.com,Full-Time,17845,kmenon,Active,2007,Active
RF098,Bharat Chauhan,Male,Lecturer,Biology,Teaching,Permanent,Axis Bank,Q3,PF12442,Standard,S5,EMP098,08-11-1996,02-01-2022,01-04-2025,08-11-2056,40346,5400,63699,9876543298,bharat.chauhan@email.com,Full-Time,16138,bchauhan,Active,1815,Active
RF099,Kritika Trivedi,Female,Attendant,Canteen,Non-Teaching,Permanent,Axis Bank,Q1,PF12443,Standard,S5,EMP099,26-06-1997,25-02-2021,01-04-2025,26-06-2057,20161,3600,32732,9876543299,kritika.trivedi@email.com,Full-Time,8064,ktrivedi,Active,907,Active
RF100,Shweta Pandey,Female,Assistant Professor,Physics,Teaching,Permanent,HDFC Bank,Q4,PF12444,Standard,S5,EMP100,20-02-1998,12-04-2022,01-04-2025,20-02-2058,40738,5400,64266,9876543100,shweta.pandey@email.com,Full-Time,16295,spandey,Active,1833,Active
RF101,Jyoti Chandra,Female,Supervisor,Canteen,Non-Teaching,Permanent,Union Bank,Q2,PF12445,Standard,S5,EMP101,03-10-1999,28-11-2029,01-04-2025,03-10-2059,39928,4800,62495,9876543101,jyoti.chandra@email.com,Full-Time,15971,jchandra,Active,1796,Active
RF102,Geeta Rao,Female,Assistant Professor,Sociology,Teaching,Permanent,HDFC Bank,Q4,PF12446,Standard,S2,EMP102,02-03-2000,05-02-2024,01-04-2025,02-03-2060,41917,5400,65969,9876543102,geeta.rao@email.com,Full-Time,16766,grao,Active,1886,Active
RF103,Ritika Dutta,Female,Assistant Professor,Mechanical Engineering,Teaching,Permanent,Union Bank,Q1,PF12447,Standard,S3,EMP103,06-10-2001,23-09-2025,01-04-2025,06-10-2061,42135,5400,66285,9876543103,ritika.dutta@email.com,Full-Time,16854,rdutta,Active,1896,Active
RF104,Sanjay Trivedi,Male,Lecturer,Political Science,Teaching,Permanent,Union Bank,Q2,PF12448,Standard,S6,EMP104,20-12-2002,10-03-2026,01-04-2025,20-12-2062,39401,5400,62334,9876543104,sanjay.trivedi@email.com,Full-Time,15760,strivedi,Active,1773,Active
RF105,Bharat Verma,Male,Lecturer,Commerce,Teaching,Permanent,PNB,Q4,PF12449,Standard,S3,EMP105,11-01-2003,21-05-2032,01-04-2025,11-01-2063,41414,5400,65242,9876543105,bharat.verma@email.com,Full-Time,16565,bverma,Active,1863,Active
RF106,Bhaskar Dubey,Male,Assistant Professor,History,Teaching,Permanent,PNB,Q2,PF12450,Standard,S1,EMP106,03-12-2004,04-03-2028,01-04-2025,03-12-2064,44353,5400,69489,9876543106,bhaskar.dubey@email.com,Full-Time,17741,bdubey,Active,1995,Active
RF107,Gajendra Kulkarni,Male,Associate Professor,Mechanical Engineering,Teaching,Contract,ICICI Bank,Q1,PF12451,Standard,S5,EMP107,03-12-2005,26-03-2034,01-04-2025,03-12-2065,43246,5400,67890,9876543107,gajendra.kulkarni@email.com,Full-Time,17298,gkulkarni,Active,1946,Active
RF108,Nidhi Menon,Female,Attendant,Maintenance,Non-Teaching,Permanent,ICICI Bank,Q4,PF12452,Standard,S5,EMP108,14-07-1970,13-01-2002,01-04-2025,14-07-2030,29200,3600,45794,9876543108,nidhi.menon@email.com,Full-Time,11680,nmenon,Active,1314,Active
RF109,Kavita Bansal,Female,Technician,Placement,Non-Teaching,Permanent,PNB,Q1,PF12453,Standard,S5,EMP109,17-07-1971,11-02-2001,01-04-2025,17-07-2031,36077,4800,56930,9876543109,kavita.bansal@email.com,Full-Time,14430,kbansal,Active,1623,Active
RF110,Arun Chauhan,Male,Professor,Chemistry,Teaching,Permanent,PNB,Q2,PF12454,Standard,S3,EMP110,01-10-1972,25-04-1999,01-04-2025,01-10-2032,53594,6600,84042,9876543110,arun.chauhan@email.com,Full-Time,21437,achauhan,Active,2411,Active
RF111,Devendra Das,Male,Assistant Professor,Psychology,Teaching,Contract,ICICI Bank,Q3,PF12455,Special,S1,EMP111,07-02-1973,16-03-2004,01-04-2025,07-02-2033,44931,5400,70324,9876543111,devendra.das@email.com,Full-Time,17972,ddas,Active,2021,Active
RF112,Harish Jain,Male,Associate Professor,Chemistry,Teaching,Permanent,Bank of Baroda,Q2,PF12456,Standard,S3,EMP112,10-07-1974,28-01-2002,01-04-2025,10-07-2034,43243,5400,67885,9876543112,harish.jain@email.com,Full-Time,17297,hjain,Active,1945,Active
RF113,Anjali Trivedi,Female,Lecturer,Psychology,Teaching,Permanent,Canara Bank,Q3,PF12457,Standard,S4,EMP113,12-07-1975,03-10-1999,01-04-2025,12-07-2035,38581,5400,61149,9876543113,anjali.trivedi@email.com,Full-Time,15432,atrivedi,Active,1736,Active
RF114,Satish Kapoor,Male,Coordinator,Medical,Non-Teaching,Permanent,Canara Bank,Q4,PF12458,Standard,S4,EMP114,20-03-1976,07-12-1999,01-04-2025,20-03-2036,39281,4800,61560,9876543114,satish.kapoor@email.com,Full-Time,15712,skapoor,Active,1767,Active
RF115,Simran Bhatia,Female,Clerk,Finance,Non-Teaching,Permanent,ICICI Bank,Q4,PF12459,Standard,S1,EMP115,18-03-1977,27-12-2006,01-04-2025,18-03-2037,32294,3600,50264,9876543115,simran.bhatia@email.com,Full-Time,12917,sbhatia,Active,1453,Active
RF116,Vikram Krishnan,Male,Associate Professor,History,Teaching,Permanent,SBI,Q4,PF12460,Standard,S4,EMP116,20-12-1978,02-08-2007,01-04-2025,20-12-2038,43727,5400,68584,9876543116,vikram.krishnan@email.com,Full-Time,17490,vkrishnan,Active,1967,Active
RF117,Tarun Chandra,Male,Coordinator,Training,Non-Teaching,Permanent,Axis Bank,Q3,PF12461,Standard,S5,EMP117,06-11-1979,28-06-2004,01-04-2025,06-11-2039,38541,4800,60491,9876543117,tarun.chandra@email.com,Full-Time,15416,tchandra,Active,1734,Active
RF118,Kavita Chandra,Female,Manager,Transport,Non-Teaching,Contract,HDFC Bank,Q3,PF12462,Special,S1,EMP118,12-01-1980,20-07-2011,01-04-2025,12-01-2040,48366,5400,75288,9876543118,kavita.chandra@email.com,Full-Time,19346,kchandra,Active,2176,Active
RF119,Nitin Rao,Male,Professor,Mathematics,Teaching,Contract,PNB,Q1,PF12463,Contract,S1,EMP119,01-04-1981,22-09-2009,01-04-2025,01-04-2041,62966,6600,97585,9876543119,nitin.rao@email.com,Full-Time,25186,nrao,Active,2833,Active
RF120,Simran Khanna,Female,Associate Professor,Sociology,Teaching,Permanent,Canara Bank,Q3,PF12464,Standard,S6,EMP120,06-08-1982,04-04-2010,01-04-2025,06-08-2042,48574,5400,75588,9876543120,simran.khanna@email.com,Full-Time,19429,skhanna,Active,2185,Active
RF121,Rajesh Kulkarni,Male,Lecturer,Political Science,Teaching,Contract,Canara Bank,Q1,PF12465,Special,S1,EMP121,16-05-1983,16-04-2016,01-04-2025,16-05-2043,39628,5400,62662,9876543121,rajesh.kulkarni@email.com,Full-Time,15851,rkulkarni,Active,1783,Active
RF122,Manoj Pillai,Male,Associate Professor,Psychology,Teaching,Permanent,Bank of Baroda,Q3,PF12466,Standard,S2,EMP122,12-12-1984,01-08-2011,01-04-2025,12-12-2044,46408,5400,72459,9876543122,manoj.pillai@email.com,Full-Time,18563,mpillai,Active,2088,Active
RF123,Naveen Reddy,Male,Lecturer,Commerce,Teaching,Permanent,Bank of Baroda,Q4,PF12467,Standard,S6,EMP123,25-03-1985,13-12-2018,01-04-2025,25-03-2045,40306,5400,63641,9876543123,naveen.reddy@email.com,Full-Time,16122,nreddy,Active,1813,Active
RF124,Karthik Khanna,Male,Officer,Finance,Non-Teaching,Contract,ICICI Bank,Q3,PF12468,Standard,S4,EMP124,05-01-1986,11-09-2014,01-04-2025,05-01-2046,39338,4800,61643,9876543124,karthik.khanna@email.com,Full-Time,15735,kkhanna,Active,1770,Active
RF125,Sunita Nair,Female,Lecturer,History,Teaching,Permanent,Canara Bank,Q2,PF12469,Standard,S3,EMP125,24-03-1987,14-04-2019,01-04-2025,24-03-2047,40579,5400,64036,9876543125,sunita.nair@email.com,Full-Time,16231,snair,Active,1826,Active
RF126,Sandeep Nair,Male,Manager,Human Resources,Non-Teaching,Permanent,SBI,Q4,PF12470,Standard,S3,EMP126,14-12-1988,03-06-2021,01-04-2025,14-12-2048,50218,5400,77964,9876543126,sandeep.nair@email.com,Full-Time,20087,snair,Active,2259,Active
RF127,Gajendra Kaur,Male,Operator,Canteen,Non-Teaching,Permanent,HDFC Bank,Q4,PF12471,Standard,S3,EMP127,28-03-1989,03-05-2018,01-04-2025,28-03-2049,28542,3600,44842,9876543127,gajendra.kaur@email.com,Full-Time,11416,gkaur,Active,1284,Active
RF128,Chetan Jain,Male,Lecturer,Electronics,Teaching,Permanent,HDFC Bank,Q2,PF12472,Standard,S1,EMP128,09-09-1990,12-05-2023,01-04-2025,09-09-2050,40968,5400,64598,9876543128,chetan.jain@email.com,Full-Time,16387,cjain,Active,1843,Active
RF129,Satish Dutta,Male,Associate Professor,History,Teaching,Permanent,Bank of Baroda,Q1,PF12473,Standard,S5,EMP129,20-01-1991,05-01-2023,01-04-2025,20-01-2051,49626,5400,77109,9876543129,satish.dutta@email.com,Full-Time,19850,sdutta,Active,2233,Active
RF130,Meera Pillai,Female,Associate Professor,Psychology,Teaching,Contract,SBI,Q3,PF12474,Standard,S6,EMP130,14-10-1992,07-05-2018,01-04-2025,14-10-2052,43129,5400,67720,9876543130,meera.pillai@email.com,Full-Time,17251,mpillai,Active,1940,Active
RF131,Vinay Malhotra,Male,Lecturer,Sociology,Teaching,Permanent,SBI,Q2,PF12475,Standard,S4,EMP131,05-11-1993,26-10-2024,01-04-2025,05-11-2053,39929,5400,63096,9876543131,vinay.malhotra@email.com,Full-Time,15971,vmalhotra,Active,1796,Active
RF132,Alka Khanna,Female,Assistant Professor,Economics,Teaching,Permanent,Canara Bank,Q2,PF12476,Standard,S3,EMP132,28-08-1994,22-12-2019,01-04-2025,28-08-2054,42528,5400,66852,9876543132,alka.khanna@email.com,Full-Time,17011,akhanna,Active,1913,Active
RF133,Swati Saxena,Female,Professor,Mechanical Engineering,Teaching,Permanent,Canara Bank,Q3,PF12477,Standard,S2,EMP133,20-04-1995,06-07-2026,01-04-2025,20-04-2055,53295,6600,83611,9876543133,swati.saxena@email.com,Full-Time,21318,ssaxena,Active,2398,Active
RF134,Satish Desai,Male,Supervisor,Sports,Non-Teaching,Permanent,SBI,Q3,PF12478,Standard,S2,EMP134,15-11-1996,19-04-2021,01-04-2025,15-11-2056,39545,4800,61942,9876543134,satish.desai@email.com,Full-Time,15818,sdesai,Active,1779,Active
RF135,Pramod Mishra,Male,Associate Professor,IT,Teaching,Permanent,Union Bank,Q4,PF12479,Standard,S4,EMP135,11-04-1997,08-06-2030,01-04-2025,11-04-2057,47591,5400,74168,9876543135,pramod.mishra@email.com,Full-Time,19036,pmishra,Active,2141,Active
RF136,Manish Joshi,Male,Assistant Professor,Electrical Engineering,Teaching,Permanent,Union Bank,Q3,PF12480,Standard,S1,EMP136,09-02-1998,24-03-2029,01-04-2025,09-02-2058,42798,5400,67242,9876543136,manish.joshi@email.com,Full-Time,17119,mjoshi,Active,1925,Active
RF137,Mohit Kumar,Male,Clerk,Canteen,Non-Teaching,Permanent,Bank of Baroda,Q2,PF12481,Standard,S3,EMP137,16-11-1999,11-08-2028,01-04-2025,16-11-2059,22086,3600,35513,9876543137,mohit.kumar@email.com,Full-Time,8834,mkumar,Active,993,Active
RF138,Ashok Sinha,Male,Assistant Professor,Geography,Teaching,Permanent,Bank of Baroda,Q3,PF12482,Standard,S5,EMP138,02-06-2000,18-02-2024,01-04-2025,02-06-2060,40878,5400,64468,9876543138,ashok.sinha@email.com,Full-Time,16351,asinha,Active,1839,Active
RF139,Sneha Krishnan,Female,Attendant,Training,Non-Teaching,Permanent,Bank of Baroda,Q1,PF12483,Standard,S1,EMP139,13-04-2001,10-03-2032,01-04-2025,13-04-2061,26054,3600,41247,9876543139,sneha.krishnan@email.com,Full-Time,10421,skrishnan,Active,1172,Active
RF140,Madhuri Pillai,Female,Supervisor,Finance,Non-Teaching,Permanent,ICICI Bank,Q1,PF12484,Standard,S4,EMP140,02-05-2002,23-04-2035,01-04-2025,02-05-2062,36383,4800,57373,9876543140,madhuri.pillai@email.com,Full-Time,14553,mpillai,Active,1637,Active
RF141,Nikita Kapoor,Female,Clerk,Stores,Non-Teaching,Permanent,Union Bank,Q1,PF12485,Standard,S4,EMP141,24-12-2003,15-08-2026,01-04-2025,24-12-2063,32376,3600,50382,9876543141,nikita.kapoor@email.com,Full-Time,12950,nkapoor,Active,1456,Active
RF142,Preeti Mishra,Female,Assistant Professor,Mechanical Engineering,Teaching,Contract,Canara Bank,Q1,PF12486,Special,S5,EMP142,07-06-2004,05-11-2035,01-04-2025,07-06-2064,40658,5400,64150,9876543142,preeti.mishra@email.com,Full-Time,16263,pmishra,Active,1829,Active
RF143,Kritika Tiwari,Female,Manager,Finance,Non-Teaching,Permanent,PNB,Q3,PF12487,Standard,S5,EMP143,03-01-2005,15-02-2033,01-04-2025,03-01-2065,45870,5400,71682,9876543143,kritika.tiwari@email.com,Full-Time,18348,ktiwari,Active,2064,Active
RF144,Vandana Singh,Female,Technician,Finance,Non-Teaching,Contract,Union Bank,Q3,PF12488,Contract,S2,EMP144,07-06-1970,27-02-1993,01-04-2025,07-06-2030,36422,4800,57428,9876543144,vandana.singh@email.com,Full-Time,14568,vsingh,Active,1638,Active
RF145,Alka Ghosh,Female,Officer,Maintenance,Non-Teaching,Permanent,HDFC Bank,Q2,PF12489,Standard,S5,EMP145,10-06-1971,24-08-1996,01-04-2025,10-06-2031,38449,4800,60358,9876543145,alka.ghosh@email.com,Full-Time,15379,aghosh,Active,1730,Active
RF146,Preeti Sharma,Female,Assistant Professor,English,Teaching,Permanent,Axis Bank,Q2,PF12490,Standard,S4,EMP146,17-06-1972,16-03-1995,01-04-2025,17-06-2032,42460,5400,66754,9876543146,preeti.sharma@email.com,Full-Time,16984,psharma,Active,1910,Active
RF147,Vikram Dubey,Male,Executive,Medical,Non-Teaching,Permanent,Union Bank,Q1,PF12491,Standard,S5,EMP147,11-03-1973,26-10-1996,01-04-2025,11-03-2033,36385,4800,57376,9876543147,vikram.dubey@email.com,Full-Time,14554,vdubey,Active,1637,Active
RF148,Vishal Chauhan,Male,Manager,Placement,Non-Teaching,Permanent,PNB,Q4,PF12492,Standard,S5,EMP148,18-06-1974,15-12-2002,01-04-2025,18-06-2034,46393,5400,72437,9876543148,vishal.chauhan@email.com,Full-Time,18557,vchauhan,Active,2087,Active
RF149,Manish Mishra,Male,Coordinator,Training,Non-Teaching,Permanent,ICICI Bank,Q1,PF12493,Standard,S2,EMP149,26-11-1975,23-12-2005,01-04-2025,26-11-2035,37121,4800,58439,9876543149,manish.mishra@email.com,Full-Time,14848,mmishra,Active,1670,Active
RF150,Komal Singh,Female,Assistant Professor,Geography,Teaching,Contract,Bank of Baroda,Q3,PF12494,Special,S2,EMP150,22-03-1976,23-08-2007,01-04-2025,22-03-2036,42039,5400,66145,9876543150,komal.singh@email.com,Full-Time,16815,ksingh,Active,1891,Active
RF151,Bharti Chopra,Female,Assistant Professor,English,Teaching,Permanent,PNB,Q3,PF12495,Standard,S6,EMP151,07-03-1977,01-10-2004,01-04-2025,07-03-2037,41015,5400,64666,9876543151,bharti.chopra@email.com,Full-Time,16406,bchopra,Active,1845,Active
RF152,Priya Dubey,Female,Operator,Student Affairs,Non-Teaching,Permanent,Axis Bank,Q1,PF12496,Standard,S1,EMP152,04-02-1978,24-01-2004,01-04-2025,04-02-2038,23079,3600,36948,9876543152,priya.dubey@email.com,Full-Time,9231,pdubey,Active,1038,Active
RF153,Mahesh Chauhan,Male,Associate Professor,Civil Engineering,Teaching,Contract,Canara Bank,Q2,PF12497,Special,S2,EMP153,28-03-1979,11-04-2009,01-04-2025,28-03-2039,48249,5400,75119,9876543153,mahesh.chauhan@email.com,Full-Time,19299,mchauhan,Active,2171,Active
RF154,Vandana Pillai,Female,Associate Professor,Computer Science,Teaching,Permanent,HDFC Bank,Q1,PF12498,Standard,S2,EMP154,15-10-1980,17-08-2005,01-04-2025,15-10-2040,45523,5400,71180,9876543154,vandana.pillai@email.com,Full-Time,18209,vpillai,Active,2048,Active
RF155,Ritu Kulkarni,Female,Attendant,Student Affairs,Non-Teaching,Permanent,Axis Bank,Q2,PF12499,Standard,S3,EMP155,28-06-1981,07-12-2005,01-04-2025,28-06-2041,22938,3600,36745,9876543155,ritu.kulkarni@email.com,Full-Time,9175,rkulkarni,Active,1032,Active
RF156,Anjali Pandey,Female,Professor,Philosophy,Teaching,Permanent,Union Bank,Q1,PF12500,Standard,S1,EMP156,18-05-1982,28-01-2008,01-04-2025,18-05-2042,59675,6600,92830,9876543156,anjali.pandey@email.com,Full-Time,23870,apandey,Active,2685,Active
RF157,Lakshmi Desai,Female,Lecturer,Political Science,Teaching,Permanent,HDFC Bank,Q1,PF12501,Standard,S4,EMP157,19-05-1983,15-07-2009,01-04-2025,19-05-2043,40674,5400,64173,9876543157,lakshmi.desai@email.com,Full-Time,16269,ldesai,Active,1830,Active
RF158,Neha Pillai,Female,Associate Professor,Geography,Teaching,Permanent,HDFC Bank,Q3,PF12502,Standard,S6,EMP158,26-12-1984,17-07-2015,01-04-2025,26-12-2044,48281,5400,75165,9876543158,neha.pillai@email.com,Full-Time,19312,npillai,Active,2172,Active
RF159,Madhuri Arora,Female,Associate Professor,Electronics,Teaching,Permanent,Bank of Baroda,Q1,PF12503,Standard,S5,EMP159,09-07-1985,01-06-2011,01-04-2025,09-07-2045,46659,5400,72821,9876543159,madhuri.arora@email.com,Full-Time,18663,marora,Active,2099,Active
RF160,Vidya Bansal,Female,Associate Professor,Computer Science,Teaching,Permanent,PNB,Q2,PF12504,Standard,S4,EMP160,23-07-1986,08-03-2016,01-04-2025,23-07-2046,48014,5400,74779,9876543160,vidya.bansal@email.com,Full-Time,19205,vbansal,Active,2160,Active
RF161,Kritika Bhatia,Female,Lecturer,Electrical Engineering,Teaching,Permanent,Canara Bank,Q4,PF12505,Standard,S4,EMP161,07-10-1987,10-02-2014,01-04-2025,07-10-2047,41617,5400,65535,9876543161,kritika.bhatia@email.com,Full-Time,16646,kbhatia,Active,1872,Active
RF162,Suresh Sharma,Male,Assistant Professor,Computer Science,Teaching,Permanent,ICICI Bank,Q4,PF12506,Standard,S5,EMP162,14-01-1988,25-10-2014,01-04-2025,14-01-2048,43405,5400,68120,9876543162,suresh.sharma@email.com,Full-Time,17362,ssharma,Active,1953,Active
RF163,Gajendra Singh,Male,Supervisor,Medical,Non-Teaching,Contract,Union Bank,Q3,PF12507,Standard,S5,EMP163,11-05-1989,27-09-2013,01-04-2025,11-05-2049,39707,4800,62175,9876543163,gajendra.singh@email.com,Full-Time,15882,gsingh,Active,1786,Active
RF164,Karthik Trivedi,Male,Assistant Professor,Psychology,Teaching,Permanent,SBI,Q1,PF12508,Standard,S6,EMP164,12-06-1990,22-02-2022,01-04-2025,12-06-2050,42491,5400,66799,9876543164,karthik.trivedi@email.com,Full-Time,16996,ktrivedi,Active,1912,Active
RF165,Nisha Mehta,Female,Lecturer,Psychology,Teaching,Permanent,SBI,Q3,PF12509,Standard,S5,EMP165,18-03-1991,25-01-2022,01-04-2025,18-03-2051,41222,5400,64964,9876543165,nisha.mehta@email.com,Full-Time,16488,nmehta,Active,1854,Active
RF166,Ritu Sinha,Female,Associate Professor,History,Teaching,Permanent,Bank of Baroda,Q2,PF12510,Standard,S1,EMP166,11-08-1992,10-04-2021,01-04-2025,11-08-2052,43308,5400,67979,9876543166,ritu.sinha@email.com,Full-Time,17323,rsinha,Active,1948,Active
RF167,Kamal Trivedi,Male,Assistant Professor,Electrical Engineering,Teaching,Contract,Axis Bank,Q3,PF12511,Contract,S3,EMP167,16-12-1993,08-01-2023,01-04-2025,16-12-2053,44520,5400,69731,9876543167,kamal.trivedi@email.com,Full-Time,17808,ktrivedi,Active,2003,Active
RF168,Prachi Bhatt,Female,Supervisor,Training,Non-Teaching,Contract,SBI,Q1,PF12512,Contract,S2,EMP168,04-05-1994,06-08-2022,01-04-2025,04-05-2054,36869,4800,58075,9876543168,prachi.bhatt@email.com,Full-Time,14747,pbhatt,Active,1659,Active
RF169,Kamal Reddy,Male,Associate Professor,Geography,Teaching,Permanent,PNB,Q4,PF12513,Standard,S2,EMP169,12-12-1995,09-11-2020,01-04-2025,12-12-2055,49045,5400,76270,9876543169,kamal.reddy@email.com,Full-Time,19618,kreddy,Active,2207,Active
RF170,Meera Menon,Female,Professor,Geography,Teaching,Permanent,Union Bank,Q4,PF12514,Standard,S5,EMP170,22-12-1996,01-02-2028,01-04-2025,22-12-2056,56422,6600,88128,9876543170,meera.menon@email.com,Full-Time,22568,mmenon,Active,2538,Active
RF171,Kritika Kulkarni,Female,Officer,Student Affairs,Non-Teaching,Permanent,Canara Bank,Q4,PF12515,Standard,S1,EMP171,27-06-1997,24-08-2028,01-04-2025,27-06-2057,38521,4800,60462,9876543171,kritika.kulkarni@email.com,Full-Time,15408,kkulkarni,Active,1733,Active
RF172,Ritu Tiwari,Female,Executive,Student Affairs,Non-Teaching,Permanent,ICICI Bank,Q2,PF12516,Standard,S6,EMP172,01-07-1998,26-07-2030,01-04-2025,01-07-2058,39295,4800,61581,9876543172,ritu.tiwari@email.com,Full-Time,15718,rtiwari,Active,1768,Active
RF173,Devendra Trivedi,Male,Assistant Professor,Physics,Teaching,Permanent,Canara Bank,Q1,PF12517,Standard,S2,EMP173,10-02-1999,02-07-2031,01-04-2025,10-02-2059,40698,5400,64208,9876543173,devendra.trivedi@email.com,Full-Time,16279,dtrivedi,Active,1831,Active
RF174,Deepak Chopra,Male,Coordinator,Student Affairs,Non-Teaching,Permanent,Axis Bank,Q3,PF12518,Standard,S5,EMP174,28-06-2000,09-07-2030,01-04-2025,28-06-2060,38512,4800,60449,9876543174,deepak.chopra@email.com,Full-Time,15404,dchopra,Active,1733,Active
RF175,Priya Mehta,Female,Officer,Sports,Non-Teaching,Permanent,SBI,Q4,PF12519,Standard,S1,EMP175,14-11-2001,19-12-2033,01-04-2025,14-11-2061,37593,4800,59121,9876543175,priya.mehta@email.com,Full-Time,15037,pmehta,Active,1691,Active
RF176,Deepti Kapoor,Female,Assistant,Transport,Non-Teaching,Contract,Union Bank,Q3,PF12520,Standard,S6,EMP176,24-04-2002,05-07-2028,01-04-2025,24-04-2062,30419,3600,47554,9876543176,deepti.kapoor@email.com,Full-Time,12167,dkapoor,Active,1368,Active
RF177,Pankaj Nair,Male,Coordinator,Security,Non-Teaching,Contract,Canara Bank,Q1,PF12521,Standard,S5,EMP177,26-07-2003,11-03-2026,01-04-2025,26-07-2063,39026,4800,61192,9876543177,pankaj.nair@email.com,Full-Time,15610,pnair,Active,1756,Active
RF178,Meera Mehta,Female,Associate Professor,Chemistry,Teaching,Permanent,HDFC Bank,Q3,PF12522,Standard,S1,EMP178,12-04-2004,14-12-2029,01-04-2025,12-04-2064,48905,5400,76067,9876543178,meera.mehta@email.com,Full-Time,19562,mmehta,Active,2200,Active
RF179,Rajeev Gupta,Male,Associate Professor,Geography,Teaching,Permanent,ICICI Bank,Q4,PF12523,Standard,S1,EMP179,23-11-2005,01-02-2030,01-04-2025,23-11-2065,44923,5400,70313,9876543179,rajeev.gupta@email.com,Full-Time,17969,rgupta,Active,2021,Active
RF180,Nisha Kapoor,Female,Professor,Chemistry,Teaching,Permanent,Canara Bank,Q2,PF12524,Standard,S4,EMP180,04-08-1970,05-02-2000,01-04-2025,04-08-2030,63454,6600,98290,9876543180,nisha.kapoor@email.com,Full-Time,25381,nkapoor,Active,2855,Active
RF181,Kavita Agarwal,Female,Associate Professor,Philosophy,Teaching,Permanent,Bank of Baroda,Q3,PF12525,Standard,S6,EMP181,27-05-1971,27-08-1996,01-04-2025,27-05-2031,45098,5400,70566,9876543181,kavita.agarwal@email.com,Full-Time,18039,kagarwal,Active,2029,Active
RF182,Deepti Reddy,Female,Assistant Professor,History,Teaching,Permanent,HDFC Bank,Q1,PF12526,Standard,S3,EMP182,01-02-1972,23-08-1999,01-04-2025,01-02-2032,40413,5400,63796,9876543182,deepti.reddy@email.com,Full-Time,16165,dreddy,Active,1818,Active
RF183,Meera Rao,Female,Assistant Professor,Mathematics,Teaching,Permanent,Union Bank,Q4,PF12527,Standard,S1,EMP183,10-03-1973,15-08-2003,01-04-2025,10-03-2033,41630,5400,65555,9876543183,meera.rao@email.com,Full-Time,16652,mrao,Active,1873,Active
RF184,Naveen Pillai,Male,Professor,Psychology,Teaching,Permanent,Union Bank,Q3,PF12528,Standard,S4,EMP184,04-07-1974,01-06-2004,01-04-2025,04-07-2034,54414,6600,85227,9876543184,naveen.pillai@email.com,Full-Time,21765,npillai,Active,2448,Active
RF185,Shruti Joshi,Female,Clerk,Security,Non-Teaching,Permanent,ICICI Bank,Q2,PF12529,Standard,S6,EMP185,23-10-1975,18-01-1999,01-04-2025,23-10-2035,24311,3600,38728,9876543185,shruti.joshi@email.com,Full-Time,9724,sjoshi,Active,1093,Active
RF186,Ganesh Menon,Male,Lecturer,English,Teaching,Permanent,HDFC Bank,Q4,PF12530,Standard,S6,EMP186,18-07-1976,09-07-2005,01-04-2025,18-07-2036,41487,5400,65347,9876543186,ganesh.menon@email.com,Full-Time,16594,gmenon,Active,1866,Active
RF187,Mamta Dutta,Female,Coordinator,Library,Non-Teaching,Permanent,Canara Bank,Q1,PF12531,Standard,S3,EMP187,20-10-1977,22-12-2002,01-04-2025,20-10-2037,41690,4800,65042,9876543187,mamta.dutta@email.com,Full-Time,16676,mdutta,Active,1876,Active
RF188,Archana Ghosh,Female,Supervisor,Human Resources,Non-Teaching,Permanent,ICICI Bank,Q4,PF12532,Standard,S4,EMP188,27-04-1978,07-01-2004,01-04-2025,27-04-2038,35750,4800,56458,9876543188,archana.ghosh@email.com,Full-Time,14300,aghosh,Active,1608,Active
RF189,Vinay Saxena,Male,Lecturer,Mechanical Engineering,Teaching,Permanent,Canara Bank,Q3,PF12533,Standard,S4,EMP189,03-07-1979,28-12-2004,01-04-2025,03-07-2039,41905,5400,65952,9876543189,vinay.saxena@email.com,Full-Time,16762,vsaxena,Active,1885,Active
RF190,Hemant Krishnan,Male,Operator,Finance,Non-Teaching,Permanent,ICICI Bank,Q3,PF12534,Standard,S5,EMP190,25-10-1980,14-07-2009,01-04-2025,25-10-2040,21111,3600,34104,9876543190,hemant.krishnan@email.com,Full-Time,8444,hkrishnan,Active,949,Active
RF191,Shruti Tiwari,Female,Operator,Stores,Non-Teaching,Contract,ICICI Bank,Q3,PF12535,Standard,S3,EMP191,13-05-1981,22-11-2014,01-04-2025,13-05-2041,20794,3600,33646,9876543191,shruti.tiwari@email.com,Full-Time,8317,stiwari,Active,935,Active
RF192,Nisha Arora,Female,Associate Professor,IT,Teaching,Contract,SBI,Q2,PF12536,Contract,S1,EMP192,04-08-1982,18-08-2007,01-04-2025,04-08-2042,44971,5400,70382,9876543192,nisha.arora@email.com,Full-Time,17988,narora,Active,2023,Active
RF193,Manoj Iyer,Male,Assistant Professor,Psychology,Teaching,Permanent,HDFC Bank,Q4,PF12537,Standard,S3,EMP193,13-07-1983,17-12-2008,01-04-2025,13-07-2043,40113,5400,63363,9876543193,manoj.iyer@email.com,Full-Time,16045,miyer,Active,1805,Active
RF194,Alka Krishnan,Female,Clerk,Placement,Non-Teaching,Permanent,ICICI Bank,Q4,PF12538,Standard,S4,EMP194,20-06-1984,14-05-2012,01-04-2025,20-06-2044,23793,3600,37980,9876543194,alka.krishnan@email.com,Full-Time,9517,akrishnan,Active,1070,Active
RF195,Komal Desai,Female,Lecturer,Civil Engineering,Teaching,Permanent,PNB,Q2,PF12539,Standard,S5,EMP195,04-06-1985,07-09-2017,01-04-2025,04-06-2045,40793,5400,64345,9876543195,komal.desai@email.com,Full-Time,16317,kdesai,Active,1835,Active
RF196,Sumit Mishra,Male,Technician,Medical,Non-Teaching,Permanent,Axis Bank,Q2,PF12540,Standard,S5,EMP196,18-09-1986,28-02-2016,01-04-2025,18-09-2046,35962,4800,56764,9876543196,sumit.mishra@email.com,Full-Time,14384,smishra,Active,1618,Active
RF197,Rahul Dubey,Male,Associate Professor,Electrical Engineering,Teaching,Permanent,Axis Bank,Q1,PF12541,Standard,S4,EMP197,13-09-1987,10-01-2012,01-04-2025,13-09-2047,48763,5400,75862,9876543197,rahul.dubey@email.com,Full-Time,19505,rdubey,Active,2194,Active
RF198,Gajendra Mehta,Male,Assistant Professor,Mathematics,Teaching,Contract,Axis Bank,Q3,PF12542,Standard,S1,EMP198,25-02-1988,19-08-2013,01-04-2025,25-02-2048,43865,5400,68784,9876543198,gajendra.mehta@email.com,Full-Time,17546,gmehta,Active,1973,Active
RF199,Pooja Kulkarni,Female,Associate Professor,Civil Engineering,Teaching,Permanent,HDFC Bank,Q4,PF12543,Standard,S6,EMP199,20-05-1989,13-08-2017,01-04-2025,20-05-2049,44660,5400,69933,9876543199,pooja.kulkarni@email.com,Full-Time,17864,pkulkarni,Active,2009,Active
RF200,Manoj Kaur,Male,Lecturer,Computer Science,Teaching,Permanent,ICICI Bank,Q2,PF12544,Standard,S6,EMP200,23-01-1990,09-01-2015,01-04-2025,23-01-2050,39527,5400,62515,9876543200,manoj.kaur@email.com,Full-Time,15810,mkaur,Active,1778,Active
RF201,Lakshmi Sharma,Female,Executive,Administration,Non-Teaching,Permanent,Axis Bank,Q4,PF12545,Standard,S5,EMP201,19-06-1991,14-09-2024,01-04-2025,19-06-2051,37648,4800,59201,9876543201,lakshmi.sharma@email.com,Full-Time,15059,lsharma2,Active,1694,Active
RF202,Sonal Verma,Female,Professor,Economics,Teaching,Permanent,Canara Bank,Q4,PF12546,Standard,S2,EMP202,22-09-1992,22-09-2025,01-04-2025,22-09-2052,55774,6600,87192,9876543202,sonal.verma@email.com,Full-Time,22309,sverma3,Active,2509,Active
RF203,Bharat Pillai,Male,Attendant,Human Resources,Non-Teaching,Permanent,ICICI Bank,Q2,PF12547,Standard,S2,EMP203,16-04-1993,16-05-2017,01-04-2025,16-04-2053,20026,3600,32537,9876543203,bharat.pillai@email.com,Full-Time,8010,bpillai2,Active,901,Active
RF204,Aarti Iyer,Female,Professor,Electronics,Teaching,Permanent,SBI,Q4,PF12548,Standard,S1,EMP204,21-02-1994,22-04-2021,01-04-2025,21-02-2054,63617,6600,98525,9876543204,aarti.iyer@email.com,Full-Time,25446,aiyer2,Active,2862,Active
RF205,Alka Kaur,Female,Operator,Security,Non-Teaching,Permanent,Axis Bank,Q3,PF12549,Standard,S1,EMP205,04-02-1995,21-11-2028,01-04-2025,04-02-2055,30483,3600,47647,9876543205,alka.kaur@email.com,Full-Time,12193,akaur3,Active,1371,Active
RF206,Shruti Mishra,Female,Assistant Professor,Electronics,Teaching,Permanent,ICICI Bank,Q3,PF12550,Standard,S3,EMP206,08-08-1996,16-06-2021,01-04-2025,08-08-2056,41751,5400,65729,9876543206,shruti.mishra@email.com,Full-Time,16700,smishra1,Active,1878,Active
RF207,Chetan Saxena,Male,Assistant Professor,Sociology,Teaching,Permanent,Bank of Baroda,Q3,PF12551,Standard,S5,EMP207,06-07-1997,15-03-2025,01-04-2025,06-07-2057,43802,5400,68693,9876543207,chetan.saxena@email.com,Full-Time,17520,csaxena2,Active,1971,Active
RF208,Sunil Patel,Male,Professor,Electronics,Teaching,Permanent,Union Bank,Q1,PF12552,Standard,S6,EMP208,22-08-1998,05-05-2024,01-04-2025,22-08-2058,52507,6600,82471,9876543208,sunil.patel@email.com,Full-Time,21002,spatel3,Active,2362,Active
RF209,Ritika Reddy,Female,Professor,Mechanical Engineering,Teaching,Permanent,HDFC Bank,Q2,PF12553,Standard,S5,EMP209,26-09-1999,20-01-2024,01-04-2025,26-09-2059,58168,6600,90652,9876543209,ritika.reddy@email.com,Full-Time,23267,rreddy3,Active,2617,Active
RF210,Shilpa Trivedi,Female,Assistant Professor,Political Science,Teaching,Permanent,ICICI Bank,Q1,PF12554,Standard,S6,EMP210,22-09-2000,25-07-2023,01-04-2025,22-09-2060,44889,5400,70264,9876543210,shilpa.trivedi@email.com,Full-Time,17955,strivedi2,Active,2020,Active
RF211,Pooja Menon,Female,Assistant Professor,Electrical Engineering,Teaching,Permanent,SBI,Q4,PF12555,Standard,S1,EMP211,16-12-2001,05-03-2034,01-04-2025,16-12-2061,43301,5400,67969,9876543211,pooja.menon@email.com,Full-Time,17320,pmenon1,Active,1948,Active
RF212,Manish Singh,Male,Professor,Computer Science,Teaching,Permanent,HDFC Bank,Q3,PF12556,Standard,S4,EMP212,28-03-2002,15-03-2029,01-04-2025,28-03-2062,58775,6600,91529,9876543212,manish.singh@email.com,Full-Time,23510,msingh3,Active,2644,Active
RF213,Deepti Pandey,Female,Officer,Maintenance,Non-Teaching,Permanent,Union Bank,Q4,PF12557,Standard,S1,EMP213,19-11-2003,28-09-2034,01-04-2025,19-11-2063,38213,4800,60017,9876543213,deepti.pandey@email.com,Full-Time,15285,dpandey1,Active,1719,Active
RF214,Ganesh Chauhan,Male,Professor,Electrical Engineering,Teaching,Permanent,HDFC Bank,Q1,PF12558,Standard,S5,EMP214,16-08-2004,14-11-2027,01-04-2025,16-08-2064,52885,6600,83018,9876543214,ganesh.chauhan@email.com,Full-Time,21154,gchauhan3,Active,2379,Active
RF215,Gajendra Kumar,Male,Technician,Human Resources,Non-Teaching,Contract,PNB,Q1,PF12559,Standard,S5,EMP215,06-04-2005,03-05-2029,01-04-2025,06-04-2065,38408,4800,60299,9876543215,gajendra.kumar@email.com,Full-Time,15363,gkumar3,Active,1728,Active
RF216,Seema Menon,Female,Attendant,Placement,Non-Teaching,Permanent,PNB,Q4,PF12560,Standard,S5,EMP216,25-12-1970,03-08-1999,01-04-2025,25-12-2030,29546,3600,46293,9876543216,seema.menon@email.com,Full-Time,11818,smenon2,Active,1329,Active
RF217,Madhuri Kapoor,Female,Lecturer,Civil Engineering,Teaching,Permanent,ICICI Bank,Q1,PF12561,Standard,S6,EMP217,26-08-1971,13-03-1999,01-04-2025,26-08-2031,39679,5400,62735,9876543217,madhuri.kapoor@email.com,Full-Time,15871,mkapoor2,Active,1785,Active
RF218,Chetan Rao,Male,Attendant,Placement,Non-Teaching,Permanent,Bank of Baroda,Q2,PF12562,Standard,S6,EMP218,05-12-1972,07-01-1998,01-04-2025,05-12-2032,23865,3600,38084,9876543218,chetan.rao@email.com,Full-Time,9546,crao1,Active,1073,Active
RF219,Tanvi Tiwari,Female,Professor,Psychology,Teaching,Permanent,Bank of Baroda,Q1,PF12563,Standard,S4,EMP219,04-05-1973,15-04-1996,01-04-2025,04-05-2033,61250,6600,95106,9876543219,tanvi.tiwari@email.com,Full-Time,24500,ttiwari2,Active,2756,Active
RF220,Pallavi Desai,Female,Professor,IT,Teaching,Permanent,Bank of Baroda,Q3,PF12564,Standard,S4,EMP220,23-12-1974,20-11-2003,01-04-2025,23-12-2034,63665,6600,98595,9876543220,pallavi.desai@email.com,Full-Time,25466,pdesai1,Active,2864,Active
RF221,Megha Joshi,Female,Executive,Human Resources,Non-Teaching,Permanent,Union Bank,Q1,PF12565,Standard,S3,EMP221,03-09-1975,16-02-2007,01-04-2025,03-09-2035,36732,4800,57876,9876543221,megha.joshi@email.com,Full-Time,14692,mjoshi3,Active,1652,Active
RF222,Shweta Iyer,Female,Assistant Professor,Economics,Teaching,Permanent,Bank of Baroda,Q4,PF12566,Standard,S5,EMP222,26-12-1976,18-08-2008,01-04-2025,26-12-2036,44795,5400,70128,9876543222,shweta.iyer@email.com,Full-Time,17918,siyer3,Active,2015,Active
RF223,Sumit Verma,Male,Manager,Security,Non-Teaching,Permanent,HDFC Bank,Q1,PF12567,Standard,S5,EMP223,13-12-1977,28-10-2001,01-04-2025,13-12-2037,47583,5400,74157,9876543223,sumit.verma@email.com,Full-Time,19033,sverma1,Active,2141,Active
RF224,Dinesh Bhatia,Male,Professor,Physics,Teaching,Permanent,Bank of Baroda,Q1,PF12568,Standard,S2,EMP224,05-11-1978,23-05-2007,01-04-2025,05-11-2038,61040,6600,94802,9876543224,dinesh.bhatia@email.com,Full-Time,24416,dbhatia3,Active,2746,Active
RF225,Rahul Pandey,Male,Clerk,Administration,Non-Teaching,Permanent,Bank of Baroda,Q1,PF12569,Standard,S4,EMP225,23-06-1979,21-06-2007,01-04-2025,23-06-2039,21818,3600,35126,9876543225,rahul.pandey@email.com,Full-Time,8727,rpandey3,Active,981,Active
RF226,Bharat Chauhan,Male,Professor,Electronics,Teaching,Permanent,Union Bank,Q4,PF12570,Standard,S4,EMP226,21-03-1980,18-11-2009,01-04-2025,21-03-2040,55054,6600,86152,9876543226,bharat.chauhan@email.com,Full-Time,22021,bchauhan3,Active,2477,Active
RF227,Sneha Singh,Female,Attendant,Hostel,Non-Teaching,Permanent,PNB,Q1,PF12571,Standard,S5,EMP227,16-01-1981,05-02-2007,01-04-2025,16-01-2041,24678,3600,39259,9876543227,sneha.singh@email.com,Full-Time,9871,ssingh1,Active,1110,Active
RF228,Simran Patel,Female,Assistant Professor,Sociology,Teaching,Permanent,Bank of Baroda,Q4,PF12572,Standard,S1,EMP228,15-03-1982,27-09-2015,01-04-2025,15-03-2042,40483,5400,63897,9876543228,simran.patel@email.com,Full-Time,16193,spatel1,Active,1821,Active
RF229,Rahul Kumar,Male,Attendant,Stores,Non-Teaching,Permanent,Canara Bank,Q1,PF12573,Standard,S5,EMP229,14-01-1983,25-06-2010,01-04-2025,14-01-2043,29299,3600,45936,9876543229,rahul.kumar@email.com,Full-Time,11719,rkumar1,Active,1318,Active
RF230,Sandeep Kumar,Male,Assistant,Library,Non-Teaching,Permanent,Axis Bank,Q4,PF12574,Standard,S5,EMP230,19-12-1984,02-08-2009,01-04-2025,19-12-2044,29358,3600,46022,9876543230,sandeep.kumar@email.com,Full-Time,11743,skumar3,Active,1321,Active
RF231,Gajendra Pillai,Male,Assistant Professor,Political Science,Teaching,Permanent,Axis Bank,Q3,PF12575,Standard,S5,EMP231,01-07-1985,10-10-2015,01-04-2025,01-07-2045,44174,5400,69230,9876543231,gajendra.pillai@email.com,Full-Time,17669,gpillai3,Active,1987,Active
RF232,Bharat Pandey,Male,Assistant,Hostel,Non-Teaching,Permanent,Union Bank,Q2,PF12576,Standard,S5,EMP232,17-03-1986,23-06-2009,01-04-2025,17-03-2046,23985,3600,38258,9876543232,bharat.pandey@email.com,Full-Time,9594,bpandey2,Active,1079,Active
RF233,Rajesh Chandra,Male,Clerk,Administration,Non-Teaching,Permanent,ICICI Bank,Q4,PF12577,Standard,S1,EMP233,05-09-1987,09-07-2019,01-04-2025,05-09-2047,30181,3600,47211,9876543233,rajesh.chandra@email.com,Full-Time,12072,rchandra1,Active,1358,Active
RF234,Archana Patel,Female,Lecturer,Chemistry,Teaching,Permanent,PNB,Q1,PF12578,Standard,S6,EMP234,16-04-1988,13-08-2014,01-04-2025,16-04-2048,38624,5400,61211,9876543234,archana.patel@email.com,Full-Time,15449,apatel2,Active,1738,Active
RF235,Tanvi Gupta,Female,Professor,Computer Science,Teaching,Permanent,HDFC Bank,Q4,PF12579,Standard,S3,EMP235,02-12-1989,12-12-2016,01-04-2025,02-12-2049,59391,6600,92419,9876543235,tanvi.gupta@email.com,Full-Time,23756,tgupta1,Active,2672,Active
RF236,Neha Verma,Female,Professor,Computer Science,Teaching,Contract,ICICI Bank,Q4,PF12580,Standard,S4,EMP236,26-05-1990,19-12-2014,01-04-2025,26-05-2050,62926,6600,97527,9876543236,neha.verma@email.com,Full-Time,25170,nverma1,Active,2831,Active
RF237,Vandana Reddy,Female,Executive,Training,Non-Teaching,Permanent,SBI,Q1,PF12581,Standard,S5,EMP237,06-04-1991,14-09-2020,01-04-2025,06-04-2051,39520,4800,61906,9876543237,vandana.reddy@email.com,Full-Time,15808,vreddy1,Active,1778,Active
RF238,Bharat Bhatt,Male,Lecturer,Chemistry,Teaching,Permanent,Bank of Baroda,Q2,PF12582,Standard,S1,EMP238,09-10-1992,02-05-2017,01-04-2025,09-10-2052,40481,5400,63894,9876543238,bharat.bhatt@email.com,Full-Time,16192,bbhatt1,Active,1821,Active
RF239,Shweta Rao,Female,Associate Professor,Physics,Teaching,Permanent,HDFC Bank,Q2,PF12583,Standard,S4,EMP239,22-05-1993,19-04-2017,01-04-2025,22-05-2053,45603,5400,71296,9876543239,shweta.rao@email.com,Full-Time,18241,srao3,Active,2052,Active
RF240,Sarita Kumar,Female,Professor,Civil Engineering,Teaching,Contract,HDFC Bank,Q3,PF12584,Special,S5,EMP240,23-01-1994,02-03-2020,01-04-2025,23-01-2054,61621,6600,95641,9876543240,sarita.kumar@email.com,Full-Time,24648,skumar2,Active,2772,Active
RF241,Hemant Agarwal,Male,Supervisor,Sports,Non-Teaching,Contract,PNB,Q3,PF12585,Special,S3,EMP241,23-09-1995,19-08-2020,01-04-2025,23-09-2055,37720,4800,59305,9876543241,hemant.agarwal@email.com,Full-Time,15088,hagarwal3,Active,1697,Active
RF242,Nisha Iyer,Female,Assistant,Student Affairs,Non-Teaching,Contract,Axis Bank,Q4,PF12586,Standard,S2,EMP242,09-02-1996,03-03-2021,01-04-2025,09-02-2056,34146,3600,52940,9876543242,nisha.iyer@email.com,Full-Time,13658,niyer1,Active,1536,Active
RF243,Ravi Pillai,Male,Professor,Biology,Teaching,Permanent,Union Bank,Q4,PF12587,Standard,S4,EMP243,18-06-1997,03-02-2020,01-04-2025,18-06-2057,53869,6600,84440,9876543243,ravi.pillai@email.com,Full-Time,21547,rpillai3,Active,2424,Active
RF244,Arun Sharma,Male,Technician,Canteen,Non-Teaching,Contract,Union Bank,Q3,PF12588,Standard,S5,EMP244,07-11-1998,26-09-2026,01-04-2025,07-11-2058,39223,4800,61477,9876543244,arun.sharma@email.com,Full-Time,15689,asharma3,Active,1765,Active
RF245,Ashok Mehta,Male,Coordinator,Human Resources,Non-Teaching,Permanent,SBI,Q3,PF12589,Standard,S6,EMP245,03-07-1999,22-08-2023,01-04-2025,03-07-2059,37780,4800,59392,9876543245,ashok.mehta@email.com,Full-Time,15112,amehta2,Active,1700,Active
RF246,Arjun Singh,Male,Professor,Commerce,Teaching,Permanent,Canara Bank,Q2,PF12590,Standard,S6,EMP246,19-02-2000,23-05-2025,01-04-2025,19-02-2060,58549,6600,91202,9876543246,arjun.singh@email.com,Full-Time,23419,asingh1,Active,2634,Active
RF247,Mohit Pandey,Male,Professor,Biology,Teaching,Permanent,ICICI Bank,Q3,PF12591,Standard,S5,EMP247,14-05-2001,11-04-2028,01-04-2025,14-05-2061,52590,6600,82592,9876543247,mohit.pandey@email.com,Full-Time,21036,mpandey2,Active,2366,Active
RF248,Ritu Krishnan,Female,Associate Professor,Physics,Teaching,Permanent,Axis Bank,Q3,PF12592,Standard,S2,EMP248,07-08-2002,10-06-2034,01-04-2025,07-08-2062,44526,5400,69739,9876543248,ritu.krishnan@email.com,Full-Time,17810,rkrishnan2,Active,2003,Active
RF249,Nikita Dubey,Female,Officer,Finance,Non-Teaching,Permanent,Axis Bank,Q4,PF12593,Standard,S5,EMP249,06-09-2003,07-05-2034,01-04-2025,06-09-2063,37000,4800,58265,9876543249,nikita.dubey@email.com,Full-Time,14800,ndubey2,Active,1665,Active
RF250,Tarun Bhatia,Male,Supervisor,Training,Non-Teaching,Permanent,Bank of Baroda,Q3,PF12594,Standard,S5,EMP250,17-12-2004,18-12-2036,01-04-2025,17-12-2064,34904,4800,55235,9876543250,tarun.bhatia@email.com,Full-Time,13961,tbhatia1,Active,1570,Active
RF251,Arjun Ghosh,Male,Assistant Professor,Political Science,Teaching,Permanent,Union Bank,Q3,PF12595,Standard,S3,EMP251,19-10-2005,08-08-2033,01-04-2025,19-10-2065,43155,5400,67758,9876543251,arjun.ghosh4@email.com,Full-Time,17262,aghosh1,Active,1941,Active
RF252,Geeta Khanna,Female,Supervisor,Transport,Non-Teaching,Permanent,SBI,Q1,PF12596,Standard,S1,EMP252,13-07-1970,24-07-2003,01-04-2025,13-07-2030,34203,4800,54223,9876543252,geeta.khanna1@email.com,Full-Time,13681,gkhanna1,Active,1539,Active
RF253,Dinesh Chandra,Male,Officer,Placement,Non-Teaching,Permanent,PNB,Q2,PF12597,Standard,S2,EMP253,19-09-1971,23-11-2002,01-04-2025,19-09-2031,38835,4800,60916,9876543253,dinesh.chandra9@email.com,Full-Time,15534,dchandra3,Active,1747,Active
RF254,Arun Mishra,Male,Associate Professor,Philosophy,Teaching,Permanent,Canara Bank,Q1,PF12598,Standard,S5,EMP254,27-11-1972,25-12-1995,01-04-2025,27-11-2032,42224,5400,66413,9876543254,arun.mishra5@email.com,Full-Time,16889,amishra1,Active,1900,Active
RF255,Vandana Chauhan,Female,Officer,Finance,Non-Teaching,Permanent,ICICI Bank,Q4,PF12599,Standard,S4,EMP255,19-10-1973,22-02-2003,01-04-2025,19-10-2033,40117,4800,62768,9876543255,vandana.chauhan1@email.com,Full-Time,16046,vchauhan2,Active,1805,Active
RF256,Rekha Gupta,Female,Lecturer,Chemistry,Teaching,Permanent,SBI,Q2,PF12600,Standard,S2,EMP256,15-05-1974,23-01-2002,01-04-2025,15-05-2034,40011,5400,63215,9876543256,rekha.gupta7@email.com,Full-Time,16004,rgupta2,Active,1800,Active
RF257,Nikita Reddy,Female,Assistant Professor,Computer Science,Teaching,Permanent,Axis Bank,Q1,PF12601,Standard,S2,EMP257,20-11-1975,17-08-2002,01-04-2025,20-11-2035,42303,5400,66527,9876543257,nikita.reddy9@email.com,Full-Time,16921,nreddy1,Active,1903,Active
RF258,Priya Kumar,Female,Lecturer,Biology,Teaching,Permanent,Axis Bank,Q4,PF12602,Standard,S1,EMP258,14-04-1976,15-12-2007,01-04-2025,14-04-2036,39591,5400,62608,9876543258,priya.kumar2@email.com,Full-Time,15836,pkumar2,Active,1781,Active
RF259,Narendra Saxena,Male,Executive,Placement,Non-Teaching,Permanent,Axis Bank,Q4,PF12603,Standard,S3,EMP259,07-03-1977,15-01-2005,01-04-2025,07-03-2037,38918,4800,61036,9876543259,narendra.saxena6@email.com,Full-Time,15567,nsaxena1,Active,1751,Active
RF260,Divya Singh,Female,Lecturer,Mathematics,Teaching,Contract,Axis Bank,Q2,PF12604,Special,S1,EMP260,05-02-1978,25-10-2005,01-04-2025,05-02-2038,38875,5400,61574,9876543260,divya.singh9@email.com,Full-Time,15550,dsingh3,Active,1749,Active
RF261,Manoj Kaur,Male,Assistant,Library,Non-Teaching,Permanent,Canara Bank,Q2,PF12605,Standard,S1,EMP261,27-01-1979,05-01-2002,01-04-2025,27-01-2039,25359,3600,40243,9876543261,manoj.kaur3@email.com,Full-Time,10143,mkaur1,Active,1141,Active
RF262,Mahesh Chopra,Male,Officer,Human Resources,Non-Teaching,Contract,Bank of Baroda,Q4,PF12606,Standard,S5,EMP262,28-02-1980,26-01-2007,01-04-2025,28-02-2040,37342,4800,58758,9876543262,mahesh.chopra4@email.com,Full-Time,14936,mchopra2,Active,1680,Active
RF263,Poornima Tiwari,Female,Clerk,Medical,Non-Teaching,Permanent,HDFC Bank,Q2,PF12607,Standard,S2,EMP263,16-09-1981,14-06-2004,01-04-2025,16-09-2041,29032,3600,45550,9876543263,poornima.tiwari5@email.com,Full-Time,11612,ptiwari1,Active,1306,Active
RF264,Rashmi Sinha,Female,Assistant Professor,Sociology,Teaching,Permanent,Union Bank,Q3,PF12608,Standard,S5,EMP264,23-08-1982,12-12-2005,01-04-2025,23-08-2042,44444,5400,69620,9876543264,rashmi.sinha3@email.com,Full-Time,17777,rsinha2,Active,1999,Active
RF265,Shweta Krishnan,Female,Associate Professor,Economics,Teaching,Contract,SBI,Q3,PF12609,Contract,S3,EMP265,25-12-1983,16-03-2016,01-04-2025,25-12-2043,49865,5400,77454,9876543265,shweta.krishnan5@email.com,Full-Time,19946,skrishnan2,Active,2243,Active
RF266,Rashmi Bhatt,Female,Associate Professor,Biology,Teaching,Permanent,PNB,Q3,PF12610,Standard,S4,EMP266,20-11-1984,26-02-2009,01-04-2025,20-11-2044,45368,5400,70956,9876543266,rashmi.bhatt6@email.com,Full-Time,18147,rbhatt3,Active,2041,Active
RF267,Anita Malhotra,Female,Executive,Administration,Non-Teaching,Contract,Canara Bank,Q1,PF12611,Standard,S5,EMP267,19-10-1985,11-03-2017,01-04-2025,19-10-2045,39538,4800,61932,9876543267,anita.malhotra3@email.com,Full-Time,15815,amalhotra1,Active,1779,Active
RF268,Sandeep Malhotra,Male,Manager,Maintenance,Non-Teaching,Permanent,HDFC Bank,Q2,PF12612,Standard,S5,EMP268,19-04-1986,18-11-2017,01-04-2025,19-04-2046,46795,5400,73018,9876543268,sandeep.malhotra4@email.com,Full-Time,18718,smalhotra1,Active,2105,Active
RF269,Sonal Desai,Female,Lecturer,Sociology,Teaching,Permanent,PNB,Q4,PF12613,Standard,S2,EMP269,22-01-1987,20-12-2012,01-04-2025,22-01-2047,38844,5400,61528,9876543269,sonal.desai3@email.com,Full-Time,15537,sdesai1,Active,1747,Active
RF270,Tanvi Dubey,Female,Coordinator,Student Affairs,Non-Teaching,Permanent,Union Bank,Q3,PF12614,Standard,S1,EMP270,04-02-1988,23-12-2018,01-04-2025,04-02-2048,38899,4800,61008,9876543270,tanvi.dubey8@email.com,Full-Time,15559,tdubey1,Active,1750,Active
RF271,Ravi Malhotra,Male,Technician,Medical,Non-Teaching,Permanent,HDFC Bank,Q3,PF12615,Standard,S3,EMP271,23-06-1989,21-05-2015,01-04-2025,23-06-2049,34573,4800,54757,9876543271,ravi.malhotra9@email.com,Full-Time,13829,rmalhotra1,Active,1555,Active
RF272,Ritika Chandra,Female,Lecturer,Economics,Teaching,Permanent,Union Bank,Q1,PF12616,Standard,S2,EMP272,28-11-1990,23-04-2015,01-04-2025,28-11-2050,39076,5400,61864,9876543272,ritika.chandra5@email.com,Full-Time,15630,rchandra1,Active,1758,Active
RF273,Neha Gupta,Female,Associate Professor,Mathematics,Teaching,Permanent,Union Bank,Q4,PF12617,Standard,S2,EMP273,02-07-1991,06-03-2018,01-04-2025,02-07-2051,42302,5400,66525,9876543273,neha.gupta9@email.com,Full-Time,16920,ngupta1,Active,1903,Active
RF274,Rashmi Kaur,Female,Lecturer,Psychology,Teaching,Permanent,ICICI Bank,Q2,PF12618,Standard,S1,EMP274,16-10-1992,10-04-2017,01-04-2025,16-10-2052,39246,5400,62110,9876543274,rashmi.kaur4@email.com,Full-Time,15698,rkaur1,Active,1766,Active
RF275,Nisha Khanna,Female,Lecturer,Electronics,Teaching,Permanent,Axis Bank,Q1,PF12619,Standard,S3,EMP275,21-06-1993,17-08-2025,01-04-2025,21-06-2053,38800,5400,61466,9876543275,nisha.khanna6@email.com,Full-Time,15520,nkhanna2,Active,1746,Active
RF276,Rashmi Reddy,Female,Coordinator,Stores,Non-Teaching,Permanent,HDFC Bank,Q2,PF12620,Standard,S2,EMP276,20-08-1994,23-08-2024,01-04-2025,20-08-2054,39598,4800,62018,9876543276,rashmi.reddy3@email.com,Full-Time,15839,rreddy3,Active,1781,Active
RF277,Hemant Desai,Male,Technician,Security,Non-Teaching,Contract,ICICI Bank,Q1,PF12621,Contract,S3,EMP277,04-09-1995,24-06-2020,01-04-2025,04-09-2055,39557,4800,61959,9876543277,hemant.desai5@email.com,Full-Time,15822,hdesai2,Active,1780,Active
RF278,Meera Saxena,Female,Professor,Chemistry,Teaching,Contract,Union Bank,Q1,PF12622,Standard,S2,EMP278,07-04-1996,09-05-2025,01-04-2025,07-04-2056,54222,6600,84949,9876543278,meera.saxena9@email.com,Full-Time,21688,msaxena1,Active,2439,Active
RF279,Mukesh Ghosh,Male,Lecturer,Civil Engineering,Teaching,Permanent,Bank of Baroda,Q3,PF12623,Standard,S4,EMP279,23-04-1997,04-05-2022,01-04-2025,23-04-2057,40200,5400,63489,9876543279,mukesh.ghosh1@email.com,Full-Time,16080,mghosh2,Active,1809,Active
RF280,Ritu Dutta,Female,Coordinator,Medical,Non-Teaching,Permanent,HDFC Bank,Q4,PF12624,Standard,S1,EMP280,19-05-1998,25-07-2023,01-04-2025,19-05-2058,40470,4800,63279,9876543280,ritu.dutta8@email.com,Full-Time,16188,rdutta2,Active,1821,Active
RF281,Rekha Ghosh,Female,Operator,Medical,Non-Teaching,Permanent,Bank of Baroda,Q3,PF12625,Standard,S3,EMP281,28-11-1999,24-06-2026,01-04-2025,28-11-2059,31713,3600,49425,9876543281,rekha.ghosh9@email.com,Full-Time,12685,rghosh3,Active,1427,Active
RF282,Meera Chopra,Female,Lecturer,Economics,Teaching,Permanent,PNB,Q2,PF12626,Standard,S2,EMP282,23-06-2000,09-11-2027,01-04-2025,23-06-2060,39115,5400,61921,9876543282,meera.chopra7@email.com,Full-Time,15646,mchopra1,Active,1760,Active
RF283,Prachi Agarwal,Female,Supervisor,Library,Non-Teaching,Permanent,HDFC Bank,Q1,PF12627,Standard,S5,EMP283,15-08-2001,26-02-2024,01-04-2025,15-08-2061,34757,4800,55023,9876543283,prachi.agarwal1@email.com,Full-Time,13902,pagarwal2,Active,1564,Active
RF284,Manish Khanna,Male,Lecturer,Mathematics,Teaching,Contract,HDFC Bank,Q1,PF12628,Special,S2,EMP284,27-01-2002,28-03-2032,01-04-2025,27-01-2062,41252,5400,65008,9876543284,manish.khanna4@email.com,Full-Time,16500,mkhanna3,Active,1856,Active
RF285,Mahesh Pandey,Male,Officer,Canteen,Non-Teaching,Permanent,Bank of Baroda,Q3,PF12629,Standard,S4,EMP285,07-08-2003,12-05-2035,01-04-2025,07-08-2063,39547,4800,61944,9876543285,mahesh.pandey5@email.com,Full-Time,15818,mpandey2,Active,1779,Active
RF286,Satish Pandey,Male,Assistant,Placement,Non-Teaching,Permanent,PNB,Q4,PF12630,Standard,S4,EMP286,13-11-2004,05-05-2032,01-04-2025,13-11-2064,31181,3600,48656,9876543286,satish.pandey7@email.com,Full-Time,12472,spandey1,Active,1403,Active
RF287,Ashok Kulkarni,Male,Associate Professor,Commerce,Teaching,Permanent,Union Bank,Q1,PF12631,Standard,S6,EMP287,14-04-2005,28-08-2033,01-04-2025,14-04-2065,47078,5400,73427,9876543287,ashok.kulkarni5@email.com,Full-Time,18831,akulkarni3,Active,2118,Active
RF288,Nidhi Iyer,Female,Officer,Sports,Non-Teaching,Contract,Union Bank,Q1,PF12632,Special,S5,EMP288,14-09-1970,01-04-1999,01-04-2025,14-09-2030,38430,4800,60331,9876543288,nidhi.iyer5@email.com,Full-Time,15372,niyer1,Active,1729,Active
RF289,Manish Bhatt,Male,Associate Professor,Chemistry,Teaching,Permanent,Union Bank,Q1,PF12633,Standard,S6,EMP289,14-10-1971,11-11-2003,01-04-2025,14-10-2031,47574,5400,74143,9876543289,manish.bhatt3@email.com,Full-Time,19029,mbhatt1,Active,2140,Active
RF290,Suresh Ghosh,Male,Manager,Administration,Non-Teaching,Permanent,Axis Bank,Q2,PF12634,Standard,S3,EMP290,08-11-1972,18-03-1997,01-04-2025,08-11-2032,49338,5400,76693,9876543290,suresh.ghosh1@email.com,Full-Time,19735,sghosh3,Active,2220,Active
RF291,Bharat Desai,Male,Associate Professor,Sociology,Teaching,Permanent,Union Bank,Q2,PF12635,Standard,S2,EMP291,18-02-1973,13-05-2002,01-04-2025,18-02-2033,45965,5400,71819,9876543291,bharat.desai3@email.com,Full-Time,18386,bdesai2,Active,2068,Active
RF292,Rahul Kapoor,Male,Assistant Professor,Economics,Teaching,Permanent,SBI,Q4,PF12636,Standard,S5,EMP292,23-05-1974,18-11-1998,01-04-2025,23-05-2034,41210,5400,64948,9876543292,rahul.kapoor7@email.com,Full-Time,16484,rkapoor3,Active,1854,Active
RF293,Sneha Iyer,Female,Technician,Sports,Non-Teaching,Permanent,ICICI Bank,Q1,PF12637,Standard,S2,EMP293,07-06-1975,18-03-2001,01-04-2025,07-06-2035,37061,4800,58352,9876543293,sneha.iyer1@email.com,Full-Time,14824,siyer1,Active,1667,Active
RF294,Gopal Menon,Male,Clerk,Maintenance,Non-Teaching,Permanent,ICICI Bank,Q3,PF12638,Standard,S6,EMP294,15-08-1976,16-01-2009,01-04-2025,15-08-2036,20845,3600,33721,9876543294,gopal.menon1@email.com,Full-Time,8338,gmenon3,Active,938,Active
RF295,Gajendra Malhotra,Male,Operator,Placement,Non-Teaching,Permanent,HDFC Bank,Q3,PF12639,Standard,S1,EMP295,14-12-1977,03-10-2005,01-04-2025,14-12-2037,27553,3600,43413,9876543295,gajendra.malhotra6@email.com,Full-Time,11021,gmalhotra2,Active,1239,Active
RF296,Manish Malhotra,Male,Assistant Professor,Philosophy,Teaching,Permanent,SBI,Q1,PF12640,Standard,S3,EMP296,07-03-1978,12-08-2007,01-04-2025,07-03-2038,41652,5400,65586,9876543296,manish.malhotra3@email.com,Full-Time,16660,mmalhotra1,Active,1874,Active
RF297,Sumit Sharma,Male,Assistant Professor,Physics,Teaching,Permanent,Union Bank,Q4,PF12641,Standard,S4,EMP297,01-09-1979,27-10-2002,01-04-2025,01-09-2039,41182,5400,64907,9876543297,sumit.sharma3@email.com,Full-Time,16472,ssharma2,Active,1853,Active
RF298,Anjali Bansal,Female,Associate Professor,Civil Engineering,Teaching,Permanent,Bank of Baroda,Q2,PF12642,Standard,S4,EMP298,18-12-1980,19-08-2005,01-04-2025,18-12-2040,44171,5400,69226,9876543298,anjali.bansal6@email.com,Full-Time,17668,abansal3,Active,1987,Active
RF299,Neha Dutta,Female,Assistant Professor,Electrical Engineering,Teaching,Permanent,HDFC Bank,Q3,PF12643,Standard,S3,EMP299,20-09-1981,27-08-2012,01-04-2025,20-09-2041,42377,5400,66633,9876543299,neha.dutta1@email.com,Full-Time,16950,ndutta1,Active,1906,Active
RF300,Seema Desai,Female,Officer,Library,Non-Teaching,Permanent,SBI,Q4,PF12644,Standard,S6,EMP300,05-05-1982,06-11-2012,01-04-2025,05-05-2042,38531,4800,60476,9876543300,seema.desai2@email.com,Full-Time,15412,sdesai3,Active,1733,Active
RF301,Manish Desai,Male,Professor,Mathematics,Teaching,Permanent,Canara Bank,Q1,PF12645,Standard,S6,EMP301,24-09-1983,19-02-2015,01-04-2025,24-09-2043,63633,6600,98549,9876543301,manish.desai5@email.com,Full-Time,25453,mdesai2,Active,2863,Active
RF302,Sanjay Bansal,Male,Assistant Professor,History,Teaching,Permanent,Union Bank,Q1,PF12646,Standard,S3,EMP302,28-10-1984,12-08-2007,01-04-2025,28-10-2044,44689,5400,69975,9876543302,sanjay.bansal4@email.com,Full-Time,17875,sbansal3,Active,2011,Active
RF303,Neha Kulkarni,Female,Attendant,Transport,Non-Teaching,Contract,Bank of Baroda,Q3,PF12647,Contract,S4,EMP303,14-05-1985,01-09-2015,01-04-2025,14-05-2045,25993,3600,41159,9876543303,neha.kulkarni6@email.com,Full-Time,10397,nkulkarni1,Active,1169,Active
RF304,Aarti Verma,Female,Supervisor,Hostel,Non-Teaching,Contract,HDFC Bank,Q1,PF12648,Contract,S5,EMP304,13-02-1986,06-11-2010,01-04-2025,13-02-2046,36367,4800,57349,9876543304,aarti.verma4@email.com,Full-Time,14546,averma2,Active,1636,Active
RF305,Chetan Trivedi,Male,Supervisor,Student Affairs,Non-Teaching,Permanent,SBI,Q4,PF12649,Standard,S2,EMP305,12-11-1987,08-03-2019,01-04-2025,12-11-2047,37773,4800,59381,9876543305,chetan.trivedi1@email.com,Full-Time,15109,ctrivedi1,Active,1699,Active
RF306,Sunita Malhotra,Female,Assistant,Human Resources,Non-Teaching,Permanent,Union Bank,Q1,PF12650,Standard,S4,EMP306,28-05-1988,18-04-2011,01-04-2025,28-05-2048,23354,3600,37345,9876543306,sunita.malhotra7@email.com,Full-Time,9341,smalhotra3,Active,1050,Active
RF307,Neha Malhotra,Female,Assistant Professor,Civil Engineering,Teaching,Permanent,PNB,Q1,PF12651,Standard,S2,EMP307,20-01-1989,02-08-2014,01-04-2025,20-01-2049,42312,5400,66540,9876543307,neha.malhotra4@email.com,Full-Time,16924,nmalhotra2,Active,1904,Active
RF308,Krishna Pillai,Male,Assistant Professor,English,Teaching,Permanent,HDFC Bank,Q4,PF12652,Standard,S4,EMP308,01-06-1990,24-11-2021,01-04-2025,01-06-2050,42602,5400,66959,9876543308,krishna.pillai8@email.com,Full-Time,17040,kpillai3,Active,1917,Active
RF309,Gaurav Mehta,Male,Officer,Medical,Non-Teaching,Permanent,HDFC Bank,Q1,PF12653,Standard,S5,EMP309,02-03-1991,24-05-2014,01-04-2025,02-03-2051,38877,4800,60976,9876543309,gaurav.mehta7@email.com,Full-Time,15550,gmehta2,Active,1749,Active
RF310,Pramod Kapoor,Male,Lecturer,IT,Teaching,Permanent,ICICI Bank,Q2,PF12654,Standard,S3,EMP310,26-08-1992,22-07-2020,01-04-2025,26-08-2052,38005,5400,60317,9876543310,pramod.kapoor6@email.com,Full-Time,15202,pkapoor2,Active,1710,Active
RF311,Shilpa Arora,Female,Associate Professor,IT,Teaching,Permanent,SBI,Q4,PF12655,Standard,S2,EMP311,02-12-1993,08-10-2023,01-04-2025,02-12-2053,43224,5400,67858,9876543311,shilpa.arora8@email.com,Full-Time,17289,sarora3,Active,1945,Active
RF312,Seema Reddy,Female,Supervisor,Security,Non-Teaching,Permanent,ICICI Bank,Q4,PF12656,Standard,S5,EMP312,08-11-1994,10-11-2023,01-04-2025,08-11-2054,39182,4800,61417,9876543312,seema.reddy8@email.com,Full-Time,15672,sreddy2,Active,1763,Active
RF313,Sunita Das,Female,Clerk,Canteen,Non-Teaching,Permanent,SBI,Q1,PF12657,Standard,S2,EMP313,02-05-1995,17-01-2028,01-04-2025,02-05-2055,22591,3600,36243,9876543313,sunita.das5@email.com,Full-Time,9036,sdas3,Active,1016,Active
RF314,Megha Bhatt,Female,Technician,Finance,Non-Teaching,Permanent,ICICI Bank,Q4,PF12658,Standard,S4,EMP314,19-10-1996,05-12-2019,01-04-2025,19-10-2056,34083,4800,54049,9876543314,megha.bhatt2@email.com,Full-Time,13633,mbhatt3,Active,1533,Active
RF315,Anita Patel,Female,Assistant,Human Resources,Non-Teaching,Permanent,Union Bank,Q2,PF12659,Standard,S4,EMP315,22-09-1997,21-06-2027,01-04-2025,22-09-2057,27488,3600,43319,9876543315,anita.patel1@email.com,Full-Time,10995,apatel1,Active,1236,Active
RF316,Gajendra Verma,Male,Professor,Electrical Engineering,Teaching,Permanent,PNB,Q4,PF12660,Standard,S2,EMP316,25-05-1998,17-06-2023,01-04-2025,25-05-2058,64386,6600,99637,9876543316,gajendra.verma9@email.com,Full-Time,25754,gverma3,Active,2897,Active
RF317,Jagdish Saxena,Male,Supervisor,Student Affairs,Non-Teaching,Permanent,Union Bank,Q1,PF12661,Standard,S1,EMP317,04-01-1999,24-04-2029,01-04-2025,04-01-2059,37074,4800,58371,9876543317,jagdish.saxena7@email.com,Full-Time,14829,jsaxena2,Active,1668,Active
RF318,Pramod Arora,Male,Operator,Library,Non-Teaching,Permanent,Canara Bank,Q3,PF12662,Standard,S6,EMP318,04-10-2000,10-04-2031,01-04-2025,04-10-2060,24499,3600,39000,9876543318,pramod.arora3@email.com,Full-Time,9799,parora2,Active,1102,Active
RF319,Gajendra Reddy,Male,Assistant Professor,Mechanical Engineering,Teaching,Permanent,ICICI Bank,Q1,PF12663,Standard,S3,EMP319,03-04-2001,27-04-2032,01-04-2025,03-04-2061,43132,5400,67724,9876543319,gajendra.reddy6@email.com,Full-Time,17252,greddy2,Active,1940,Active
RF320,Ganesh Trivedi,Male,Operator,Transport,Non-Teaching,Permanent,PNB,Q1,PF12664,Standard,S4,EMP320,26-09-2002,03-07-2031,01-04-2025,26-09-2062,25981,3600,41142,9876543320,ganesh.trivedi8@email.com,Full-Time,10392,gtrivedi1,Active,1169,Active
RF321,Amit Agarwal,Male,Associate Professor,Physics,Teaching,Permanent,SBI,Q1,PF12665,Standard,S3,EMP321,05-12-2003,03-02-2026,01-04-2025,05-12-2063,47051,5400,73388,9876543321,amit.agarwal2@email.com,Full-Time,18820,aagarwal1,Active,2117,Active
RF322,Sunita Khanna,Female,Assistant Professor,Biology,Teaching,Permanent,PNB,Q3,PF12666,Standard,S6,EMP322,21-08-2004,06-07-2031,01-04-2025,21-08-2064,41951,5400,66018,9876543322,sunita.khanna4@email.com,Full-Time,16780,skhanna3,Active,1887,Active
RF323,Satish Chauhan,Male,Lecturer,Philosophy,Teaching,Permanent,ICICI Bank,Q2,PF12667,Standard,S1,EMP323,20-09-2005,28-09-2038,01-04-2025,20-09-2065,38694,5400,61312,9876543323,satish.chauhan3@email.com,Full-Time,15477,schauhan1,Active,1741,Active
RF324,Sunil Das,Male,Supervisor,Canteen,Non-Teaching,Permanent,ICICI Bank,Q4,PF12668,Standard,S4,EMP324,21-12-1970,09-12-2000,01-04-2025,21-12-2030,39753,4800,62242,9876543324,sunil.das7@email.com,Full-Time,15901,sdas1,Active,1788,Active
RF325,Vandana Malhotra,Female,Officer,Medical,Non-Teaching,Permanent,ICICI Bank,Q1,PF12669,Standard,S4,EMP325,05-09-1971,24-06-1996,01-04-2025,05-09-2031,41229,4800,64375,9876543325,vandana.malhotra2@email.com,Full-Time,16491,vmalhotra2,Active,1855,Active
RF326,Gopal Chopra,Male,Officer,Student Affairs,Non-Teaching,Permanent,Union Bank,Q3,PF12670,Standard,S5,EMP326,09-11-1972,06-04-2001,01-04-2025,09-11-2032,40706,4800,63619,9876543326,gopal.chopra3@email.com,Full-Time,16282,gchopra3,Active,1831,Active
RF327,Rekha Bhatia,Female,Attendant,Administration,Non-Teaching,Permanent,SBI,Q4,PF12671,Standard,S4,EMP327,14-11-1973,25-04-2002,01-04-2025,14-11-2033,21762,3600,35045,9876543327,rekha.bhatia2@email.com,Full-Time,8704,rbhatia2,Active,979,Active
RF328,Sumit Arora,Male,Assistant Professor,MBA,Teaching,Permanent,Axis Bank,Q3,PF12672,Standard,S2,EMP328,22-12-1974,16-12-2005,01-04-2025,22-12-2034,42963,5400,67481,9876543328,sumit.arora8@email.com,Full-Time,17185,sarora3,Active,1933,Active
RF329,Mamta Rao,Female,Professor,Electronics,Teaching,Permanent,ICICI Bank,Q3,PF12673,Standard,S4,EMP329,02-10-1975,28-12-2000,01-04-2025,02-10-2035,63155,6600,97858,9876543329,mamta.rao1@email.com,Full-Time,25262,mrao1,Active,2841,Active
RF330,Shilpa Krishnan,Female,Assistant Professor,Chemistry,Teaching,Permanent,SBI,Q1,PF12674,Standard,S4,EMP330,16-05-1976,10-06-2003,01-04-2025,16-05-2036,43632,5400,68447,9876543330,shilpa.krishnan9@email.com,Full-Time,17452,skrishnan3,Active,1963,Active
RF331,Shweta Desai,Female,Assistant,Library,Non-Teaching,Permanent,Canara Bank,Q3,PF12675,Standard,S2,EMP331,18-03-1977,13-10-2010,01-04-2025,18-03-2037,26340,3600,41661,9876543331,shweta.desai9@email.com,Full-Time,10536,sdesai3,Active,1185,Active
RF332,Arun Chopra,Male,Attendant,Medical,Non-Teaching,Permanent,HDFC Bank,Q1,PF12676,Standard,S6,EMP332,01-06-1978,04-07-2011,01-04-2025,01-06-2038,23019,3600,36861,9876543332,arun.chopra6@email.com,Full-Time,9207,achopra2,Active,1035,Active
RF333,Vandana Chauhan,Female,Associate Professor,IT,Teaching,Contract,Union Bank,Q4,PF12677,Standard,S1,EMP333,22-06-1979,28-09-2003,01-04-2025,22-06-2039,44631,5400,69891,9876543333,vandana.chauhan1@email.com,Full-Time,17852,vchauhan3,Active,2008,Active
RF334,Tanvi Verma,Female,Professor,Psychology,Teaching,Contract,Union Bank,Q2,PF12678,Contract,S6,EMP334,27-04-1980,06-08-2011,01-04-2025,27-04-2040,60392,6600,93865,9876543334,tanvi.verma8@email.com,Full-Time,24156,tverma3,Active,2717,Active
RF335,Pallavi Sharma,Female,Supervisor,Sports,Non-Teaching,Contract,HDFC Bank,Q2,PF12679,Contract,S5,EMP335,27-10-1981,09-06-2012,01-04-2025,27-10-2041,38311,4800,60158,9876543335,pallavi.sharma7@email.com,Full-Time,15324,psharma2,Active,1723,Active
RF336,Veena Chandra,Female,Assistant Professor,Philosophy,Teaching,Permanent,ICICI Bank,Q4,PF12680,Standard,S6,EMP336,16-07-1982,14-03-2014,01-04-2025,16-07-2042,43696,5400,68540,9876543336,veena.chandra9@email.com,Full-Time,17478,vchandra1,Active,1966,Active
RF337,Sonal Sinha,Female,Professor,Sociology,Teaching,Permanent,Bank of Baroda,Q1,PF12681,Standard,S5,EMP337,26-01-1983,18-01-2009,01-04-2025,26-01-2043,59948,6600,93224,9876543337,sonal.sinha7@email.com,Full-Time,23979,ssinha1,Active,2697,Active
RF338,Sachin Chandra,Male,Associate Professor,Economics,Teaching,Permanent,PNB,Q1,PF12682,Standard,S5,EMP338,19-11-1984,08-03-2015,01-04-2025,19-11-2044,47956,5400,74696,9876543338,sachin.chandra2@email.com,Full-Time,19182,schandra1,Active,2158,Active
RF339,Lakshmi Kulkarni,Female,Lecturer,Mathematics,Teaching,Permanent,ICICI Bank,Q2,PF12683,Standard,S4,EMP339,14-11-1985,12-09-2018,01-04-2025,14-11-2045,41678,5400,65624,9876543339,lakshmi.kulkarni1@email.com,Full-Time,16671,lkulkarni2,Active,1875,Active
RF340,Ritu Dubey,Female,Supervisor,Security,Non-Teaching,Permanent,HDFC Bank,Q1,PF12684,Standard,S3,EMP340,09-04-1986,16-04-2015,01-04-2025,09-04-2046,36901,4800,58121,9876543340,ritu.dubey9@email.com,Full-Time,14760,rdubey3,Active,1660,Active
RF341,Shweta Pillai,Female,Professor,Mechanical Engineering,Teaching,Permanent,PNB,Q2,PF12685,Standard,S1,EMP341,03-06-1987,07-06-2017,01-04-2025,03-06-2047,54930,6600,85973,9876543341,shweta.pillai1@email.com,Full-Time,21972,spillai3,Active,2471,Active
RF342,Bhaskar Bhatia,Male,Lecturer,Mathematics,Teaching,Permanent,SBI,Q1,PF12686,Standard,S4,EMP342,06-06-1988,03-04-2012,01-04-2025,06-06-2048,41072,5400,64748,9876543342,bhaskar.bhatia8@email.com,Full-Time,16428,bbhatia1,Active,1848,Active
RF343,Gajendra Arora,Male,Officer,Human Resources,Non-Teaching,Permanent,Axis Bank,Q4,PF12687,Standard,S1,EMP343,12-11-1989,07-04-2015,01-04-2025,12-11-2049,41119,4800,64216,9876543343,gajendra.arora8@email.com,Full-Time,16447,garora3,Active,1850,Active
RF344,Kritika Kulkarni,Female,Manager,Administration,Non-Teaching,Permanent,Bank of Baroda,Q1,PF12688,Standard,S6,EMP344,25-01-1990,14-07-2013,01-04-2025,25-01-2050,46801,5400,73027,9876543344,kritika.kulkarni9@email.com,Full-Time,18720,kkulkarni1,Active,2106,Active
RF345,Satish Bhatt,Male,Supervisor,Sports,Non-Teaching,Permanent,Union Bank,Q3,PF12689,Standard,S2,EMP345,16-06-1991,15-05-2020,01-04-2025,16-06-2051,34453,4800,54584,9876543345,satish.bhatt7@email.com,Full-Time,13781,sbhatt2,Active,1550,Active
RF346,Mamta Saxena,Female,Assistant,Hostel,Non-Teaching,Contract,HDFC Bank,Q3,PF12690,Standard,S4,EMP346,09-12-1992,08-07-2018,01-04-2025,09-12-2052,34766,3600,53836,9876543346,mamta.saxena9@email.com,Full-Time,13906,msaxena2,Active,1564,Active
RF347,Bhaskar Dubey,Male,Clerk,Transport,Non-Teaching,Contract,Union Bank,Q4,PF12691,Contract,S1,EMP347,23-09-1993,27-07-2017,01-04-2025,23-09-2053,25623,3600,40625,9876543347,bhaskar.dubey8@email.com,Full-Time,10249,bdubey3,Active,1153,Active
RF348,Simran Malhotra,Female,Associate Professor,Physics,Teaching,Permanent,SBI,Q3,PF12692,Standard,S6,EMP348,05-01-1994,26-07-2020,01-04-2025,05-01-2054,47024,5400,73349,9876543348,simran.malhotra3@email.com,Full-Time,18809,smalhotra2,Active,2116,Active
RF349,Kritika Agarwal,Female,Lecturer,Commerce,Teaching,Permanent,HDFC Bank,Q1,PF12693,Standard,S3,EMP349,14-05-1995,23-06-2025,01-04-2025,14-05-2055,41613,5400,65530,9876543349,kritika.agarwal4@email.com,Full-Time,16645,kagarwal3,Active,1872,Active
RF350,Nisha Tiwari,Female,Assistant Professor,Computer Science,Teaching,Permanent,Canara Bank,Q4,PF12694,Standard,S3,EMP350,16-02-1996,28-04-2020,01-04-2025,16-02-2056,43585,5400,68380,9876543350,nisha.tiwari9@email.com,Full-Time,17434,ntiwari1,Active,1961,Active
RF351,Sarita Arora,Female,Clerk,Sports,Non-Teaching,Permanent,Canara Bank,Q3,PF12695,Standard,S2,EMP351,18-10-1997,21-11-2023,01-04-2025,18-10-2057,24994,3600,39715,9876543351,sarita.arora4@email.com,Full-Time,9997,sarora2,Active,1124,Active
RF352,Mohit Sinha,Male,Executive,Library,Non-Teaching,Contract,Bank of Baroda,Q1,PF12696,Special,S2,EMP352,09-05-1998,07-09-2028,01-04-2025,09-05-2058,37074,4800,58371,9876543352,mohit.sinha8@email.com,Full-Time,14829,msinha3,Active,1668,Active
RF353,Mukesh Patel,Male,Executive,Student Affairs,Non-Teaching,Contract,HDFC Bank,Q4,PF12697,Contract,S3,EMP353,28-03-1999,25-02-2032,01-04-2025,28-03-2059,39292,4800,61576,9876543353,mukesh.patel5@email.com,Full-Time,15716,mpatel3,Active,1768,Active
RF354,Dinesh Jain,Male,Assistant Professor,Economics,Teaching,Permanent,PNB,Q2,PF12698,Standard,S5,EMP354,13-09-2000,01-02-2033,01-04-2025,13-09-2060,41060,5400,64731,9876543354,dinesh.jain2@email.com,Full-Time,16424,djain3,Active,1847,Active
RF355,Komal Mehta,Female,Coordinator,Hostel,Non-Teaching,Permanent,PNB,Q1,PF12699,Standard,S6,EMP355,23-05-2001,12-03-2032,01-04-2025,23-05-2061,37703,4800,59280,9876543355,komal.mehta2@email.com,Full-Time,15081,kmehta3,Active,1696,Active
RF356,Ashok Trivedi,Male,Attendant,Hostel,Non-Teaching,Permanent,PNB,Q4,PF12700,Standard,S5,EMP356,11-01-2002,07-08-2027,01-04-2025,11-01-2062,33682,3600,52269,9876543356,ashok.trivedi8@email.com,Full-Time,13472,atrivedi1,Active,1515,Active
RF357,Sachin Mishra,Male,Attendant,Medical,Non-Teaching,Contract,PNB,Q3,PF12701,Contract,S3,EMP357,05-11-2003,24-04-2036,01-04-2025,05-11-2063,20775,3600,33619,9876543357,sachin.mishra2@email.com,Full-Time,8310,smishra3,Active,934,Active
RF358,Pankaj Kapoor,Male,Professor,Computer Science,Teaching,Permanent,Canara Bank,Q4,PF12702,Standard,S4,EMP358,19-02-2004,23-08-2035,01-04-2025,19-02-2064,63232,6600,97969,9876543358,pankaj.kapoor7@email.com,Full-Time,25292,pkapoor3,Active,2845,Active
RF359,Vinay Malhotra,Male,Coordinator,Hostel,Non-Teaching,Permanent,PNB,Q2,PF12703,Standard,S5,EMP359,03-09-2005,01-07-2034,01-04-2025,03-09-2065,40310,4800,63047,9876543359,vinay.malhotra8@email.com,Full-Time,16124,vmalhotra3,Active,1813,Active
RF360,Sandeep Kulkarni,Male,Manager,Security,Non-Teaching,Permanent,Axis Bank,Q4,PF12704,Standard,S5,EMP360,04-07-1970,27-09-1996,01-04-2025,04-07-2030,46082,5400,71987,9876543360,sandeep.kulkarni6@email.com,Full-Time,18432,skulkarni3,Active,2073,Active
RF361,Ritika Dubey,Female,Associate Professor,Civil Engineering,Teaching,Permanent,Canara Bank,Q3,PF12705,Standard,S4,EMP361,14-08-1971,08-12-1996,01-04-2025,14-08-2031,43267,5400,67920,9876543361,ritika.dubey4@email.com,Full-Time,17306,rdubey3,Active,1947,Active
RF362,Pankaj Patel,Male,Professor,Psychology,Teaching,Permanent,SBI,Q2,PF12706,Standard,S5,EMP362,11-12-1972,11-08-1998,01-04-2025,11-12-2032,59494,6600,92568,9876543362,pankaj.patel9@email.com,Full-Time,23797,ppatel3,Active,2677,Active
RF363,Satish Chandra,Male,Attendant,Human Resources,Non-Teaching,Permanent,HDFC Bank,Q2,PF12707,Standard,S1,EMP363,19-12-1973,28-05-2000,01-04-2025,19-12-2033,23512,3600,37574,9876543363,satish.chandra9@email.com,Full-Time,9404,schandra1,Active,1058,Active
RF364,Ganesh Khanna,Male,Assistant,Sports,Non-Teaching,Permanent,ICICI Bank,Q2,PF12708,Standard,S4,EMP364,05-06-1974,22-03-2004,01-04-2025,05-06-2034,31263,3600,48774,9876543364,ganesh.khanna5@email.com,Full-Time,12505,gkhanna2,Active,1406,Active
RF365,Sarita Ghosh,Female,Associate Professor,IT,Teaching,Permanent,PNB,Q2,PF12709,Standard,S4,EMP365,08-03-1975,07-05-2006,01-04-2025,08-03-2035,43240,5400,67881,9876543365,sarita.ghosh1@email.com,Full-Time,17296,sghosh2,Active,1945,Active
RF366,Harish Verma,Male,Associate Professor,IT,Teaching,Permanent,Union Bank,Q2,PF12710,Standard,S4,EMP366,04-02-1976,28-06-2002,01-04-2025,04-02-2036,45783,5400,71556,9876543366,harish.verma8@email.com,Full-Time,18313,hverma2,Active,2060,Active
RF367,Alka Krishnan,Female,Assistant Professor,Chemistry,Teaching,Permanent,ICICI Bank,Q2,PF12711,Standard,S2,EMP367,08-02-1977,26-06-2004,01-04-2025,08-02-2037,43995,5400,68972,9876543367,alka.krishnan2@email.com,Full-Time,17598,akrishnan1,Active,1979,Active
RF368,Shweta Agarwal,Female,Operator,Maintenance,Non-Teaching,Contract,SBI,Q1,PF12712,Standard,S4,EMP368,19-03-1978,20-10-2009,01-04-2025,19-03-2038,22313,3600,35842,9876543368,shweta.agarwal4@email.com,Full-Time,8925,sagarwal1,Active,1004,Active
RF369,Ritika Tiwari,Female,Executive,Stores,Non-Teaching,Contract,HDFC Bank,Q2,PF12713,Standard,S4,EMP369,07-11-1979,27-04-2007,01-04-2025,07-11-2039,39317,4800,61612,9876543369,ritika.tiwari7@email.com,Full-Time,15726,rtiwari3,Active,1769,Active
RF370,Meera Ghosh,Female,Executive,Stores,Non-Teaching,Permanent,Axis Bank,Q3,PF12714,Standard,S6,EMP370,24-02-1980,22-03-2005,01-04-2025,24-02-2040,34791,4800,55072,9876543370,meera.ghosh2@email.com,Full-Time,13916,mghosh1,Active,1565,Active
RF371,Sunita Kulkarni,Female,Assistant,Administration,Non-Teaching,Permanent,ICICI Bank,Q3,PF12715,Standard,S2,EMP371,12-07-1981,09-07-2004,01-04-2025,12-07-2041,31866,3600,49645,9876543371,sunita.kulkarni2@email.com,Full-Time,12746,skulkarni3,Active,1433,Active
RF372,Jyoti Menon,Female,Assistant Professor,Psychology,Teaching,Permanent,PNB,Q4,PF12716,Standard,S5,EMP372,02-07-1982,28-11-2005,01-04-2025,02-07-2042,43123,5400,67712,9876543372,jyoti.menon1@email.com,Full-Time,17249,jmenon3,Active,1940,Active
RF373,Nikita Gupta,Female,Professor,Economics,Teaching,Permanent,Union Bank,Q4,PF12717,Standard,S6,EMP373,19-10-1983,20-10-2010,01-04-2025,19-10-2043,58901,6600,91711,9876543373,nikita.gupta9@email.com,Full-Time,23560,ngupta2,Active,2650,Active
RF374,Sandeep Ghosh,Male,Coordinator,Human Resources,Non-Teaching,Contract,HDFC Bank,Q4,PF12718,Special,S3,EMP374,14-11-1984,20-10-2013,01-04-2025,14-11-2044,37385,4800,58821,9876543374,sandeep.ghosh7@email.com,Full-Time,14954,sghosh1,Active,1682,Active
RF375,Bharat Dutta,Male,Lecturer,History,Teaching,Contract,Union Bank,Q3,PF12719,Special,S5,EMP375,01-12-1985,04-12-2009,01-04-2025,01-12-2045,39908,5400,63066,9876543375,bharat.dutta4@email.com,Full-Time,15963,bdutta3,Active,1795,Active
RF376,Mohit Patel,Male,Assistant Professor,Political Science,Teaching,Permanent,Bank of Baroda,Q3,PF12720,Standard,S6,EMP376,12-09-1986,21-12-2013,01-04-2025,12-09-2046,44345,5400,69478,9876543376,mohit.patel8@email.com,Full-Time,17738,mpatel1,Active,1995,Active
RF377,Sunita Gupta,Female,Technician,Finance,Non-Teaching,Permanent,HDFC Bank,Q4,PF12721,Standard,S2,EMP377,05-12-1987,05-09-2012,01-04-2025,05-12-2047,34936,4800,55282,9876543377,sunita.gupta3@email.com,Full-Time,13974,sgupta3,Active,1572,Active
RF378,Swati Kulkarni,Female,Professor,Computer Science,Teaching,Permanent,Axis Bank,Q2,PF12722,Standard,S2,EMP378,28-06-1988,26-02-2018,01-04-2025,28-06-2048,61584,6600,95588,9876543378,swati.kulkarni5@email.com,Full-Time,24633,skulkarni3,Active,2771,Active
RF379,Anil Sinha,Male,Coordinator,Administration,Non-Teaching,Contract,ICICI Bank,Q3,PF12723,Contract,S6,EMP379,22-09-1989,08-01-2022,01-04-2025,22-09-2049,39983,4800,62575,9876543379,anil.sinha6@email.com,Full-Time,15993,asinha3,Active,1799,Active
RF380,Vishal Rao,Male,Professor,IT,Teaching,Permanent,ICICI Bank,Q1,PF12724,Standard,S3,EMP380,03-02-1990,07-08-2020,01-04-2025,03-02-2050,55695,6600,87079,9876543380,vishal.rao3@email.com,Full-Time,22278,vrao3,Active,2506,Active
RF381,Dinesh Dutta,Male,Lecturer,Biology,Teaching,Contract,Bank of Baroda,Q3,PF12725,Special,S6,EMP381,15-05-1991,01-03-2016,01-04-2025,15-05-2051,38449,5400,60958,9876543381,dinesh.dutta6@email.com,Full-Time,15379,ddutta1,Active,1730,Active
RF382,Shweta Kumar,Female,Lecturer,History,Teaching,Permanent,HDFC Bank,Q3,PF12726,Standard,S3,EMP382,09-02-1992,06-11-2017,01-04-2025,09-02-2052,41387,5400,65203,9876543382,shweta.kumar3@email.com,Full-Time,16554,skumar2,Active,1862,Active
RF383,Arjun Das,Male,Professor,Mechanical Engineering,Teaching,Permanent,Axis Bank,Q4,PF12727,Standard,S1,EMP383,18-07-1993,18-11-2021,01-04-2025,18-07-2053,57467,6600,89639,9876543383,arjun.das8@email.com,Full-Time,22986,adas3,Active,2586,Active
RF384,Sandeep Mishra,Male,Professor,Computer Science,Teaching,Permanent,Bank of Baroda,Q4,PF12728,Standard,S1,EMP384,24-06-1994,22-12-2022,01-04-2025,24-06-2054,54931,6600,85974,9876543384,sandeep.mishra2@email.com,Full-Time,21972,smishra2,Active,2471,Active
RF385,Bharat Pillai,Male,Executive,Library,Non-Teaching,Permanent,SBI,Q1,PF12729,Standard,S3,EMP385,25-09-1995,23-07-2023,01-04-2025,25-09-2055,38778,4800,60834,9876543385,bharat.pillai7@email.com,Full-Time,15511,bpillai2,Active,1745,Active
RF386,Manish Rao,Male,Assistant Professor,Psychology,Teaching,Contract,Canara Bank,Q3,PF12730,Standard,S6,EMP386,15-08-1996,07-09-2023,01-04-2025,15-08-2056,43211,5400,67839,9876543386,manish.rao1@email.com,Full-Time,17284,mrao2,Active,1944,Active
RF387,Jyoti Kapoor,Female,Lecturer,Mechanical Engineering,Teaching,Permanent,Axis Bank,Q1,PF12731,Standard,S1,EMP387,21-11-1997,28-12-2024,01-04-2025,21-11-2057,40614,5400,64086,9876543387,jyoti.kapoor9@email.com,Full-Time,16245,jkapoor2,Active,1827,Active
RF388,Manish Kulkarni,Male,Assistant Professor,Mathematics,Teaching,Permanent,Union Bank,Q2,PF12732,Standard,S2,EMP388,19-06-1998,19-01-2024,01-04-2025,19-06-2058,43345,5400,68033,9876543388,manish.kulkarni4@email.com,Full-Time,17338,mkulkarni2,Active,1950,Active
RF389,Naveen Sharma,Male,Operator,Administration,Non-Teaching,Permanent,ICICI Bank,Q2,PF12733,Standard,S4,EMP389,24-01-1999,12-10-2027,01-04-2025,24-01-2059,31683,3600,49381,9876543389,naveen.sharma2@email.com,Full-Time,12673,nsharma2,Active,1425,Active
RF390,Chetan Dutta,Male,Manager,Human Resources,Non-Teaching,Permanent,Union Bank,Q1,PF12734,Standard,S2,EMP390,02-05-2000,22-12-2028,01-04-2025,02-05-2060,47393,5400,73882,9876543390,chetan.dutta9@email.com,Full-Time,18957,cdutta2,Active,2132,Active
RF391,Manish Agarwal,Male,Associate Professor,MBA,Teaching,Permanent,Union Bank,Q3,PF12735,Standard,S3,EMP391,13-07-2001,03-01-2024,01-04-2025,13-07-2061,46537,5400,72645,9876543391,manish.agarwal5@email.com,Full-Time,18614,magarwal3,Active,2094,Active
RF392,Rahul Agarwal,Male,Lecturer,Economics,Teaching,Permanent,ICICI Bank,Q2,PF12736,Standard,S5,EMP392,09-01-2002,03-11-2031,01-04-2025,09-01-2062,40241,5400,63547,9876543392,rahul.agarwal4@email.com,Full-Time,16096,ragarwal2,Active,1810,Active
RF393,Sneha Pillai,Female,Assistant Professor,Electrical Engineering,Teaching,Permanent,Axis Bank,Q2,PF12737,Standard,S4,EMP393,04-10-2003,21-03-2028,01-04-2025,04-10-2063,43494,5400,68248,9876543393,sneha.pillai8@email.com,Full-Time,17397,spillai2,Active,1957,Active
RF394,Nitin Desai,Male,Supervisor,Finance,Non-Teaching,Permanent,PNB,Q3,PF12738,Standard,S5,EMP394,14-07-2004,28-10-2027,01-04-2025,14-07-2064,34063,4800,54020,9876543394,nitin.desai2@email.com,Full-Time,13625,ndesai1,Active,1532,Active
RF395,Chetan Malhotra,Male,Associate Professor,Chemistry,Teaching,Permanent,Bank of Baroda,Q4,PF12739,Standard,S6,EMP395,16-05-2005,18-02-2031,01-04-2025,16-05-2065,46499,5400,72590,9876543395,chetan.malhotra9@email.com,Full-Time,18599,cmalhotra3,Active,2092,Active
RF396,Sandeep Mishra,Male,Professor,History,Teaching,Permanent,Canara Bank,Q1,PF12740,Standard,S2,EMP396,14-01-1970,11-12-1993,01-04-2025,14-01-2030,57339,6600,89454,9876543396,sandeep.mishra2@email.com,Full-Time,22935,smishra3,Active,2580,Active
RF397,Deepti Nair,Female,Professor,Physics,Teaching,Permanent,Canara Bank,Q4,PF12741,Standard,S2,EMP397,28-08-1971,05-05-2002,01-04-2025,28-08-2031,54051,6600,84703,9876543397,deepti.nair2@email.com,Full-Time,21620,dnair1,Active,2432,Active
RF398,Mukesh Pillai,Male,Supervisor,Sports,Non-Teaching,Permanent,Bank of Baroda,Q4,PF12742,Standard,S5,EMP398,15-01-1972,10-04-1996,01-04-2025,15-01-2032,37923,4800,59598,9876543398,mukesh.pillai9@email.com,Full-Time,15169,mpillai1,Active,1706,Active
RF399,Sneha Tiwari,Female,Associate Professor,Computer Science,Teaching,Permanent,Axis Bank,Q1,PF12743,Standard,S2,EMP399,05-07-1973,25-12-2000,01-04-2025,05-07-2033,42423,5400,66701,9876543399,sneha.tiwari2@email.com,Full-Time,16969,stiwari3,Active,1909,Active
RF400,Kritika Mishra,Female,Lecturer,Physics,Teaching,Permanent,SBI,Q3,PF12744,Standard,S1,EMP400,22-04-1974,13-07-2003,01-04-2025,22-04-2034,39051,5400,61828,9876543400,kritika.mishra8@email.com,Full-Time,15620,kmishra3,Active,1757,Active
RF401,Anjali Agarwal,Female,Professor,Economics,Teaching,Permanent,HDFC Bank,Q1,PF12745,Standard,S4,EMP401,20-10-1975,06-04-2000,01-04-2025,20-10-2035,56209,6600,87821,9876543401,anjali.agarwal9@email.com,Full-Time,22483,aagarwal3,Active,2529,Active
RF402,Nikita Kapoor,Female,Assistant Professor,Civil Engineering,Teaching,Permanent,HDFC Bank,Q1,PF12746,Standard,S1,EMP402,11-02-1976,17-01-2005,01-04-2025,11-02-2036,43845,5400,68756,9876543402,nikita.kapoor1@email.com,Full-Time,17538,nkapoor2,Active,1973,Active
RF403,Sarita Pillai,Female,Professor,Biology,Teaching,Permanent,SBI,Q1,PF12747,Standard,S4,EMP403,15-05-1977,05-12-2010,01-04-2025,15-05-2037,59875,6600,93119,9876543403,sarita.pillai6@email.com,Full-Time,23950,spillai3,Active,2694,Active
RF404,Mamta Dubey,Female,Supervisor,Administration,Non-Teaching,Permanent,HDFC Bank,Q4,PF12748,Standard,S3,EMP404,26-06-1978,13-02-2009,01-04-2025,26-06-2038,36130,4800,57007,9876543404,mamta.dubey2@email.com,Full-Time,14452,mdubey1,Active,1625,Active
RF405,Prakash Patel,Male,Operator,Maintenance,Non-Teaching,Permanent,PNB,Q4,PF12749,Standard,S5,EMP405,07-01-1979,09-03-2007,01-04-2025,07-01-2039,22998,3600,36831,9876543405,prakash.patel8@email.com,Full-Time,9199,ppatel1,Active,1034,Active
RF406,Sonal Mishra,Female,Assistant Professor,English,Teaching,Permanent,Axis Bank,Q4,PF12750,Standard,S6,EMP406,01-09-1980,24-10-2006,01-04-2025,01-09-2040,41468,5400,65321,9876543406,sonal.mishra1@email.com,Full-Time,16587,smishra3,Active,1866,Active
RF407,Sunil Gupta,Male,Supervisor,Hostel,Non-Teaching,Permanent,Canara Bank,Q1,PF12751,Standard,S6,EMP407,08-06-1981,10-04-2013,01-04-2025,08-06-2041,36508,4800,57553,9876543407,sunil.gupta6@email.com,Full-Time,14603,sgupta3,Active,1642,Active
RF408,Manish Dutta,Male,Associate Professor,English,Teaching,Permanent,HDFC Bank,Q4,PF12752,Standard,S3,EMP408,17-09-1982,14-02-2006,01-04-2025,17-09-2042,42582,5400,66930,9876543408,manish.dutta5@email.com,Full-Time,17032,mdutta3,Active,1916,Active
RF409,Prachi Singh,Female,Assistant Professor,Civil Engineering,Teaching,Contract,SBI,Q4,PF12753,Special,S5,EMP409,12-10-1983,05-11-2011,01-04-2025,12-10-2043,40354,5400,63710,9876543409,prachi.singh2@email.com,Full-Time,16141,psingh1,Active,1815,Active
RF410,Ramesh Agarwal,Male,Associate Professor,MBA,Teaching,Permanent,Union Bank,Q1,PF12754,Standard,S1,EMP410,07-11-1984,23-07-2007,01-04-2025,07-11-2044,44927,5400,70318,9876543410,ramesh.agarwal6@email.com,Full-Time,17970,ragarwal1,Active,2021,Active
RF411,Shweta Saxena,Female,Clerk,Stores,Non-Teaching,Permanent,PNB,Q1,PF12755,Standard,S5,EMP411,02-07-1985,09-09-2018,01-04-2025,02-07-2045,30053,3600,47026,9876543411,shweta.saxena1@email.com,Full-Time,12021,ssaxena3,Active,1352,Active
RF412,Harish Ghosh,Male,Manager,Medical,Non-Teaching,Permanent,Axis Bank,Q1,PF12756,Standard,S2,EMP412,19-03-1986,08-09-2012,01-04-2025,19-03-2046,45085,5400,70547,9876543412,harish.ghosh8@email.com,Full-Time,18034,hghosh3,Active,2028,Active
RF413,Manish Pandey,Male,Assistant,Student Affairs,Non-Teaching,Permanent,Union Bank,Q2,PF12757,Standard,S4,EMP413,25-12-1987,09-05-2012,01-04-2025,25-12-2047,33119,3600,51456,9876543413,manish.pandey9@email.com,Full-Time,13247,mpandey2,Active,1490,Active
RF414,Krishna Tiwari,Male,Professor,Commerce,Teaching,Permanent,SBI,Q4,PF12758,Standard,S4,EMP414,01-10-1988,23-04-2020,01-04-2025,01-10-2048,64503,6600,99806,9876543414,krishna.tiwari4@email.com,Full-Time,25801,ktiwari1,Active,2902,Active
RF415,Arjun Reddy,Male,Supervisor,Administration,Non-Teaching,Permanent,HDFC Bank,Q1,PF12759,Standard,S3,EMP415,18-03-1989,04-10-2019,01-04-2025,18-03-2049,37464,4800,58934,9876543415,arjun.reddy3@email.com,Full-Time,14985,areddy3,Active,1685,Active
RF416,Anil Nair,Male,Clerk,Stores,Non-Teaching,Permanent,Canara Bank,Q2,PF12760,Standard,S2,EMP416,03-06-1990,26-11-2018,01-04-2025,03-06-2050,31917,3600,49719,9876543416,anil.nair9@email.com,Full-Time,12766,anair1,Active,1436,Active
RF417,Pramod Bhatt,Male,Assistant Professor,Chemistry,Teaching,Permanent,Union Bank,Q2,PF12761,Standard,S2,EMP417,15-01-1991,21-05-2023,01-04-2025,15-01-2051,44659,5400,69931,9876543417,pramod.bhatt4@email.com,Full-Time,17863,pbhatt1,Active,2009,Active
RF418,Nisha Chandra,Female,Professor,Mathematics,Teaching,Permanent,Bank of Baroda,Q3,PF12762,Standard,S2,EMP418,07-11-1992,15-08-2015,01-04-2025,07-11-2052,64390,6600,99643,9876543418,nisha.chandra1@email.com,Full-Time,25756,nchandra3,Active,2897,Active
RF419,Rahul Desai,Male,Officer,Finance,Non-Teaching,Permanent,Canara Bank,Q4,PF12763,Standard,S5,EMP419,10-10-1993,14-01-2026,01-04-2025,10-10-2053,39080,4800,61270,9876543419,rahul.desai3@email.com,Full-Time,15632,rdesai3,Active,1758,Active
RF420,Deepak Menon,Male,Associate Professor,English,Teaching,Permanent,HDFC Bank,Q4,PF12764,Standard,S2,EMP420,07-01-1994,23-10-2022,01-04-2025,07-01-2054,47696,5400,74320,9876543420,deepak.menon1@email.com,Full-Time,19078,dmenon1,Active,2146,Active
RF421,Vishal Joshi,Male,Lecturer,Geography,Teaching,Permanent,SBI,Q3,PF12765,Standard,S1,EMP421,07-11-1995,27-09-2019,01-04-2025,07-11-2055,38903,5400,61614,9876543421,vishal.joshi1@email.com,Full-Time,15561,vjoshi2,Active,1750,Active
RF422,Kavita Sharma,Female,Lecturer,Chemistry,Teaching,Permanent,Union Bank,Q3,PF12766,Standard,S4,EMP422,22-11-1996,13-11-2022,01-04-2025,22-11-2056,38872,5400,61569,9876543422,kavita.sharma7@email.com,Full-Time,15548,ksharma3,Active,1749,Active
RF423,Karthik Desai,Male,Coordinator,Security,Non-Teaching,Contract,Union Bank,Q2,PF12767,Special,S1,EMP423,17-07-1997,27-04-2024,01-04-2025,17-07-2057,37524,4800,59021,9876543423,karthik.desai2@email.com,Full-Time,15009,kdesai2,Active,1688,Active
RF424,Lakshmi Gupta,Female,Professor,Mechanical Engineering,Teaching,Contract,ICICI Bank,Q1,PF12768,Contract,S1,EMP424,23-05-1998,18-04-2031,01-04-2025,23-05-2058,62387,6600,96748,9876543424,lakshmi.gupta4@email.com,Full-Time,24954,lgupta3,Active,2807,Active
RF425,Naveen Joshi,Male,Executive,Canteen,Non-Teaching,Permanent,Bank of Baroda,Q3,PF12769,Standard,S1,EMP425,19-05-1999,05-12-2025,01-04-2025,19-05-2059,35692,4800,56374,9876543425,naveen.joshi4@email.com,Full-Time,14276,njoshi2,Active,1606,Active
RF426,Narendra Bhatia,Male,Lecturer,Electrical Engineering,Teaching,Contract,Axis Bank,Q2,PF12770,Standard,S1,EMP426,03-05-2000,02-07-2029,01-04-2025,03-05-2060,38671,5400,61279,9876543426,narendra.bhatia4@email.com,Full-Time,15468,nbhatia1,Active,1740,Active
RF427,Manish Menon,Male,Manager,Transport,Non-Teaching,Permanent,Union Bank,Q3,PF12771,Standard,S4,EMP427,10-07-2001,11-08-2034,01-04-2025,10-07-2061,49543,5400,76989,9876543427,manish.menon9@email.com,Full-Time,19817,mmenon1,Active,2229,Active
RF428,Shilpa Bhatt,Female,Professor,Physics,Teaching,Permanent,PNB,Q2,PF12772,Standard,S1,EMP428,10-12-2002,10-10-2032,01-04-2025,10-12-2062,53760,6600,84283,9876543428,shilpa.bhatt7@email.com,Full-Time,21504,sbhatt3,Active,2419,Active
RF429,Preeti Kaur,Female,Associate Professor,Biology,Teaching,Permanent,Union Bank,Q3,PF12773,Standard,S2,EMP429,26-11-2003,13-08-2029,01-04-2025,26-11-2063,47532,5400,74082,9876543429,preeti.kaur2@email.com,Full-Time,19012,pkaur2,Active,2138,Active
RF430,Ashok Pillai,Male,Professor,History,Teaching,Permanent,Canara Bank,Q4,PF12774,Standard,S6,EMP430,08-02-2004,17-09-2027,01-04-2025,08-02-2064,61423,6600,95356,9876543430,ashok.pillai1@email.com,Full-Time,24569,apillai2,Active,2764,Active
RF431,Deepti Desai,Female,Assistant Professor,History,Teaching,Permanent,Union Bank,Q3,PF12775,Standard,S2,EMP431,26-02-2005,07-03-2031,01-04-2025,26-02-2065,40204,5400,63494,9876543431,deepti.desai1@email.com,Full-Time,16081,ddesai1,Active,1809,Active
RF432,Nikita Saxena,Female,Associate Professor,Mathematics,Teaching,Permanent,Canara Bank,Q1,PF12776,Standard,S3,EMP432,26-05-1970,15-06-1993,01-04-2025,26-05-2030,46987,5400,73295,9876543432,nikita.saxena4@email.com,Full-Time,18794,nsaxena1,Active,2114,Active
RF433,Mohit Verma,Male,Executive,Student Affairs,Non-Teaching,Permanent,Canara Bank,Q2,PF12777,Standard,S5,EMP433,24-06-1971,10-07-2000,01-04-2025,24-06-2031,36502,4800,57544,9876543433,mohit.verma5@email.com,Full-Time,14600,mverma1,Active,1642,Active
RF434,Urmila Agarwal,Female,Executive,Human Resources,Non-Teaching,Permanent,PNB,Q2,PF12778,Standard,S6,EMP434,05-04-1972,20-03-2005,01-04-2025,05-04-2032,39923,4800,62488,9876543434,urmila.agarwal8@email.com,Full-Time,15969,uagarwal3,Active,1796,Active
RF435,Shilpa Jain,Female,Assistant Professor,Computer Science,Teaching,Permanent,SBI,Q4,PF12779,Standard,S5,EMP435,04-08-1973,22-12-1996,01-04-2025,04-08-2033,43727,5400,68584,9876543435,shilpa.jain6@email.com,Full-Time,17490,sjain2,Active,1967,Active
RF436,Urmila Sharma,Female,Lecturer,Electronics,Teaching,Permanent,Canara Bank,Q2,PF12780,Standard,S4,EMP436,12-07-1974,07-08-1997,01-04-2025,12-07-2034,40876,5400,64465,9876543436,urmila.sharma2@email.com,Full-Time,16350,usharma3,Active,1839,Active
RF437,Preeti Khanna,Female,Coordinator,Human Resources,Non-Teaching,Permanent,ICICI Bank,Q1,PF12781,Standard,S6,EMP437,28-12-1975,06-04-2003,01-04-2025,28-12-2035,38606,4800,60585,9876543437,preeti.khanna7@email.com,Full-Time,15442,pkhanna3,Active,1737,Active
RF438,Sunil Krishnan,Male,Assistant Professor,Civil Engineering,Teaching,Permanent,Canara Bank,Q3,PF12782,Standard,S1,EMP438,24-09-1976,18-02-2008,01-04-2025,24-09-2036,43463,5400,68203,9876543438,sunil.krishnan6@email.com,Full-Time,17385,skrishnan2,Active,1955,Active
RF439,Swati Jain,Female,Associate Professor,Geography,Teaching,Permanent,HDFC Bank,Q1,PF12783,Standard,S5,EMP439,25-08-1977,23-04-2001,01-04-2025,25-08-2037,46430,5400,72491,9876543439,swati.jain7@email.com,Full-Time,18572,sjain2,Active,2089,Active
RF440,Arun Kulkarni,Male,Professor,Electronics,Teaching,Contract,HDFC Bank,Q3,PF12784,Special,S4,EMP440,09-01-1978,11-02-2002,01-04-2025,09-01-2038,64843,6600,100297,9876543440,arun.kulkarni8@email.com,Full-Time,25937,akulkarni1,Active,2917,Active
RF441,Rohit Joshi,Male,Professor,English,Teaching,Permanent,Union Bank,Q4,PF12785,Standard,S2,EMP441,18-09-1979,07-02-2010,01-04-2025,18-09-2039,59512,6600,92594,9876543441,rohit.joshi5@email.com,Full-Time,23804,rjoshi3,Active,2678,Active
RF442,Anita Rao,Female,Clerk,Maintenance,Non-Teaching,Permanent,Axis Bank,Q1,PF12786,Standard,S3,EMP442,10-04-1980,18-06-2013,01-04-2025,10-04-2040,25051,3600,39798,9876543442,anita.rao7@email.com,Full-Time,10020,arao3,Active,1127,Active
RF443,Kavita Pandey,Female,Associate Professor,Sociology,Teaching,Contract,Canara Bank,Q1,PF12787,Standard,S5,EMP443,22-03-1981,21-05-2014,01-04-2025,22-03-2041,42307,5400,66532,9876543443,kavita.pandey7@email.com,Full-Time,16922,kpandey2,Active,1903,Active
RF444,Prakash Agarwal,Male,Lecturer,IT,Teaching,Permanent,Axis Bank,Q3,PF12788,Standard,S6,EMP444,13-02-1982,07-12-2006,01-04-2025,13-02-2042,40814,5400,64375,9876543444,prakash.agarwal1@email.com,Full-Time,16325,pagarwal1,Active,1836,Active
RF445,Narendra Mehta,Male,Assistant Professor,Mathematics,Teaching,Permanent,HDFC Bank,Q1,PF12789,Standard,S3,EMP445,14-08-1983,04-08-2007,01-04-2025,14-08-2043,41846,5400,65867,9876543445,narendra.mehta8@email.com,Full-Time,16738,nmehta2,Active,1883,Active
RF446,Ajay Arora,Male,Associate Professor,Political Science,Teaching,Permanent,PNB,Q3,PF12790,Standard,S2,EMP446,09-08-1984,24-08-2013,01-04-2025,09-08-2044,43562,5400,68346,9876543446,ajay.arora9@email.com,Full-Time,17424,aarora1,Active,1960,Active
RF447,Ashok Malhotra,Male,Professor,Electronics,Teaching,Permanent,Canara Bank,Q4,PF12791,Standard,S1,EMP447,02-04-1985,11-06-2017,01-04-2025,02-04-2045,64509,6600,99814,9876543447,ashok.malhotra7@email.com,Full-Time,25803,amalhotra2,Active,2902,Active
RF448,Manoj Pandey,Male,Supervisor,Security,Non-Teaching,Permanent,Axis Bank,Q1,PF12792,Standard,S3,EMP448,01-09-1986,02-08-2014,01-04-2025,01-09-2046,34939,4800,55286,9876543448,manoj.pandey5@email.com,Full-Time,13975,mpandey1,Active,1572,Active
RF449,Megha Tiwari,Female,Professor,Geography,Teaching,Permanent,HDFC Bank,Q3,PF12793,Standard,S3,EMP449,07-09-1987,21-01-2010,01-04-2025,07-09-2047,59596,6600,92715,9876543449,megha.tiwari7@email.com,Full-Time,23838,mtiwari2,Active,2681,Active
RF450,Tanvi Verma,Female,Professor,Computer Science,Teaching,Permanent,Bank of Baroda,Q4,PF12794,Standard,S3,EMP450,05-08-1988,26-06-2019,01-04-2025,05-08-2048,64182,6600,99342,9876543450,tanvi.verma6@email.com,Full-Time,25672,tverma1,Active,2888,Active
RF451,Chetan Nair,Male,Lecturer,Electronics,Teaching,Contract,Bank of Baroda,Q2,PF12795,Contract,S4,EMP451,21-07-1989,16-03-2019,01-04-2025,21-07-2049,38229,5400,60640,9876543451,chetan.nair7@email.com,Full-Time,15291,cnair2,Active,1720,Active
RF452,Anita Sinha,Female,Associate Professor,Mathematics,Teaching,Permanent,PNB,Q1,PF12796,Standard,S1,EMP452,28-05-1990,27-08-2017,01-04-2025,28-05-2050,42322,5400,66554,9876543452,anita.sinha6@email.com,Full-Time,16928,asinha1,Active,1904,Active
RF453,Veena Malhotra,Female,Lecturer,Mechanical Engineering,Teaching,Contract,Axis Bank,Q4,PF12797,Special,S4,EMP453,25-03-1991,17-07-2024,01-04-2025,25-03-2051,40628,5400,64107,9876543453,veena.malhotra4@email.com,Full-Time,16251,vmalhotra2,Active,1828,Active
RF454,Nisha Khanna,Female,Lecturer,Philosophy,Teaching,Permanent,Axis Bank,Q3,PF12798,Standard,S4,EMP454,12-06-1992,18-08-2015,01-04-2025,12-06-2052,38248,5400,60668,9876543454,nisha.khanna2@email.com,Full-Time,15299,nkhanna1,Active,1721,Active
RF455,Lakshmi Reddy,Female,Associate Professor,Geography,Teaching,Permanent,SBI,Q1,PF12799,Standard,S4,EMP455,07-05-1993,18-08-2020,01-04-2025,07-05-2053,45513,5400,71166,9876543455,lakshmi.reddy6@email.com,Full-Time,18205,lreddy2,Active,2048,Active
RF456,Nikita Saxena,Female,Manager,Finance,Non-Teaching,Contract,ICICI Bank,Q2,PF12800,Contract,S1,EMP456,19-05-1994,23-12-2025,01-04-2025,19-05-2054,46858,5400,73109,9876543456,nikita.saxena6@email.com,Full-Time,18743,nsaxena2,Active,2108,Active
RF457,Anita Saxena,Female,Assistant Professor,Philosophy,Teaching,Permanent,Canara Bank,Q3,PF12801,Standard,S6,EMP457,08-06-1995,21-03-2024,01-04-2025,08-06-2055,41121,5400,64819,9876543457,anita.saxena6@email.com,Full-Time,16448,asaxena1,Active,1850,Active
RF458,Ramesh Dutta,Male,Lecturer,Economics,Teaching,Permanent,Canara Bank,Q1,PF12802,Standard,S5,EMP458,18-01-1996,07-05-2025,01-04-2025,18-01-2056,38077,5400,60420,9876543458,ramesh.dutta1@email.com,Full-Time,15230,rdutta1,Active,1713,Active
RF459,Madhuri Mishra,Female,Technician,Student Affairs,Non-Teaching,Permanent,HDFC Bank,Q1,PF12803,Standard,S4,EMP459,20-07-1997,25-01-2022,01-04-2025,20-07-2057,36500,4800,57542,9876543459,madhuri.mishra3@email.com,Full-Time,14600,mmishra1,Active,1642,Active
RF460,Lakshmi Mishra,Female,Technician,Placement,Non-Teaching,Permanent,PNB,Q3,PF12804,Standard,S3,EMP460,09-03-1998,10-01-2028,01-04-2025,09-03-2058,35460,4800,56039,9876543460,lakshmi.mishra8@email.com,Full-Time,14184,lmishra1,Active,1595,Active
RF461,Kavita Arora,Female,Professor,Economics,Teaching,Permanent,Bank of Baroda,Q1,PF12805,Standard,S5,EMP461,13-08-1999,01-01-2026,01-04-2025,13-08-2059,52291,6600,82160,9876543461,kavita.arora2@email.com,Full-Time,20916,karora2,Active,2353,Active
RF462,Rekha Chandra,Female,Assistant Professor,Mechanical Engineering,Teaching,Permanent,Bank of Baroda,Q4,PF12806,Standard,S1,EMP462,04-01-2000,07-10-2030,01-04-2025,04-01-2060,40409,5400,63790,9876543462,rekha.chandra8@email.com,Full-Time,16163,rchandra3,Active,1818,Active
RF463,Urmila Das,Female,Assistant Professor,English,Teaching,Permanent,Union Bank,Q2,PF12807,Standard,S3,EMP463,26-09-2001,11-09-2031,01-04-2025,26-09-2061,44005,5400,68987,9876543463,urmila.das1@email.com,Full-Time,17602,udas1,Active,1980,Active
RF464,Sarita Jain,Female,Attendant,Stores,Non-Teaching,Contract,Bank of Baroda,Q2,PF12808,Standard,S3,EMP464,23-06-2002,22-03-2026,01-04-2025,23-06-2062,26068,3600,41268,9876543464,sarita.jain7@email.com,Full-Time,10427,sjain1,Active,1173,Active
RF465,Urmila Chandra,Female,Associate Professor,Electronics,Teaching,Contract,HDFC Bank,Q4,PF12809,Standard,S1,EMP465,11-07-2003,10-07-2032,01-04-2025,11-07-2063,46395,5400,72440,9876543465,urmila.chandra8@email.com,Full-Time,18558,uchandra2,Active,2087,Active
RF466,Smita Jain,Female,Associate Professor,Geography,Teaching,Permanent,PNB,Q3,PF12810,Standard,S6,EMP466,01-09-2004,13-05-2028,01-04-2025,01-09-2064,45804,5400,71586,9876543466,smita.jain4@email.com,Full-Time,18321,sjain1,Active,2061,Active
RF467,Manish Pillai,Male,Professor,Economics,Teaching,Permanent,Axis Bank,Q2,PF12811,Standard,S1,EMP467,25-04-2005,26-02-2028,01-04-2025,25-04-2065,53499,6600,83905,9876543467,manish.pillai7@email.com,Full-Time,21399,mpillai1,Active,2407,Active
RF468,Mamta Arora,Female,Executive,Medical,Non-Teaching,Permanent,Axis Bank,Q3,PF12812,Standard,S4,EMP468,28-10-1970,20-11-1994,01-04-2025,28-10-2030,35685,4800,56364,9876543468,mamta.arora8@email.com,Full-Time,14274,marora2,Active,1605,Active
RF469,Naveen Pillai,Male,Assistant Professor,Political Science,Teaching,Permanent,Bank of Baroda,Q3,PF12813,Standard,S4,EMP469,05-12-1971,01-09-2003,01-04-2025,05-12-2031,42875,5400,67354,9876543469,naveen.pillai4@email.com,Full-Time,17150,npillai3,Active,1929,Active
RF470,Poornima Dubey,Female,Executive,Transport,Non-Teaching,Permanent,Canara Bank,Q2,PF12814,Standard,S5,EMP470,04-10-1972,03-10-1995,01-04-2025,04-10-2032,34888,4800,55212,9876543470,poornima.dubey1@email.com,Full-Time,13955,pdubey3,Active,1569,Active
RF471,Neha Kulkarni,Female,Supervisor,Finance,Non-Teaching,Permanent,Canara Bank,Q1,PF12815,Standard,S4,EMP471,25-11-1973,11-11-1997,01-04-2025,25-11-2033,38324,4800,60177,9876543471,neha.kulkarni3@email.com,Full-Time,15329,nkulkarni2,Active,1724,Active
RF472,Gajendra Desai,Male,Officer,Medical,Non-Teaching,Permanent,PNB,Q1,PF12816,Standard,S4,EMP472,10-05-1974,26-01-2002,01-04-2025,10-05-2034,37149,4800,58479,9876543472,gajendra.desai3@email.com,Full-Time,14859,gdesai2,Active,1671,Active
RF473,Satish Mehta,Male,Lecturer,Political Science,Teaching,Permanent,Axis Bank,Q3,PF12817,Standard,S5,EMP473,11-04-1975,17-09-2000,01-04-2025,11-04-2035,38031,5400,60354,9876543473,satish.mehta5@email.com,Full-Time,15212,smehta2,Active,1711,Active
RF474,Rohit Dutta,Male,Supervisor,Library,Non-Teaching,Permanent,HDFC Bank,Q4,PF12818,Standard,S2,EMP474,17-09-1976,16-06-2001,01-04-2025,17-09-2036,35732,4800,56431,9876543474,rohit.dutta7@email.com,Full-Time,14292,rdutta3,Active,1607,Active
RF475,Sanjay Desai,Male,Coordinator,Sports,Non-Teaching,Permanent,Union Bank,Q4,PF12819,Standard,S4,EMP475,26-09-1977,27-02-2000,01-04-2025,26-09-2037,41875,4800,65309,9876543475,sanjay.desai3@email.com,Full-Time,16750,sdesai2,Active,1884,Active
RF476,Sachin Chauhan,Male,Assistant,Hostel,Non-Teaching,Permanent,HDFC Bank,Q4,PF12820,Standard,S2,EMP476,19-12-1978,25-11-2010,01-04-2025,19-12-2038,25115,3600,39891,9876543476,sachin.chauhan5@email.com,Full-Time,10046,schauhan1,Active,1130,Active
RF477,Pankaj Chauhan,Male,Assistant,Library,Non-Teaching,Permanent,Axis Bank,Q2,PF12821,Standard,S4,EMP477,18-08-1979,15-11-2002,01-04-2025,18-08-2039,29286,3600,45917,9876543477,pankaj.chauhan6@email.com,Full-Time,11714,pchauhan2,Active,1317,Active
RF478,Sapna Menon,Female,Attendant,Medical,Non-Teaching,Permanent,Union Bank,Q2,PF12822,Standard,S4,EMP478,25-12-1980,04-03-2003,01-04-2025,25-12-2040,32881,3600,51112,9876543478,sapna.menon6@email.com,Full-Time,13152,smenon3,Active,1479,Active
RF479,Neha Verma,Female,Officer,Administration,Non-Teaching,Permanent,Bank of Baroda,Q3,PF12823,Standard,S6,EMP479,21-03-1981,06-09-2009,01-04-2025,21-03-2041,39918,4800,62481,9876543479,neha.verma3@email.com,Full-Time,15967,nverma3,Active,1796,Active
RF480,Prakash Trivedi,Male,Officer,Placement,Non-Teaching,Permanent,ICICI Bank,Q4,PF12824,Standard,S2,EMP480,20-11-1982,07-09-2012,01-04-2025,20-11-2042,38949,4800,61080,9876543480,prakash.trivedi3@email.com,Full-Time,15579,ptrivedi3,Active,1752,Active
RF481,Bharat Rao,Male,Assistant,Placement,Non-Teaching,Permanent,ICICI Bank,Q3,PF12825,Standard,S3,EMP481,23-12-1983,07-01-2016,01-04-2025,23-12-2043,26358,3600,41687,9876543481,bharat.rao3@email.com,Full-Time,10543,brao1,Active,1186,Active
RF482,Sunil Menon,Male,Operator,Library,Non-Teaching,Permanent,HDFC Bank,Q2,PF12826,Standard,S6,EMP482,01-01-1984,27-10-2007,01-04-2025,01-01-2044,33119,3600,51456,9876543482,sunil.menon5@email.com,Full-Time,13247,smenon2,Active,1490,Active
RF483,Prakash Mehta,Male,Clerk,Medical,Non-Teaching,Permanent,SBI,Q1,PF12827,Standard,S2,EMP483,17-06-1985,11-10-2015,01-04-2025,17-06-2045,23641,3600,37760,9876543483,prakash.mehta9@email.com,Full-Time,9456,pmehta1,Active,1063,Active
RF484,Sandeep Iyer,Male,Assistant Professor,Political Science,Teaching,Permanent,SBI,Q4,PF12828,Standard,S5,EMP484,09-09-1986,28-04-2015,01-04-2025,09-09-2046,42040,5400,66147,9876543484,sandeep.iyer5@email.com,Full-Time,16816,siyer2,Active,1891,Active
RF485,Sunil Reddy,Male,Coordinator,Human Resources,Non-Teaching,Permanent,Bank of Baroda,Q2,PF12829,Standard,S1,EMP485,28-12-1987,12-05-2010,01-04-2025,28-12-2047,41715,4800,65078,9876543485,sunil.reddy3@email.com,Full-Time,16686,sreddy2,Active,1877,Active
RF486,Mohit Pillai,Male,Clerk,Hostel,Non-Teaching,Permanent,PNB,Q1,PF12830,Standard,S2,EMP486,07-05-1988,16-05-2014,01-04-2025,07-05-2048,28375,3600,44601,9876543486,mohit.pillai6@email.com,Full-Time,11350,mpillai3,Active,1276,Active
RF487,Lakshmi Singh,Female,Lecturer,Sociology,Teaching,Permanent,HDFC Bank,Q1,PF12831,Standard,S2,EMP487,25-02-1989,10-06-2022,01-04-2025,25-02-2049,39199,5400,62041,9876543487,lakshmi.singh7@email.com,Full-Time,15679,lsingh3,Active,1763,Active
RF488,Gaurav Bansal,Male,Assistant Professor,Geography,Teaching,Permanent,ICICI Bank,Q4,PF12832,Standard,S6,EMP488,07-10-1990,15-06-2020,01-04-2025,07-10-2050,43949,5400,68905,9876543488,gaurav.bansal4@email.com,Full-Time,17579,gbansal3,Active,1977,Active
RF489,Rahul Agarwal,Male,Assistant Professor,Commerce,Teaching,Permanent,Bank of Baroda,Q3,PF12833,Standard,S3,EMP489,19-07-1991,27-05-2017,01-04-2025,19-07-2051,42995,5400,67527,9876543489,rahul.agarwal3@email.com,Full-Time,17198,ragarwal3,Active,1934,Active
RF490,Anjali Kulkarni,Female,Assistant Professor,Geography,Teaching,Permanent,Canara Bank,Q1,PF12834,Standard,S5,EMP490,07-05-1992,05-08-2017,01-04-2025,07-05-2052,44421,5400,69587,9876543490,anjali.kulkarni4@email.com,Full-Time,17768,akulkarni3,Active,1998,Active
RF491,Gajendra Sinha,Male,Lecturer,Electronics,Teaching,Permanent,HDFC Bank,Q1,PF12835,Standard,S2,EMP491,22-05-1993,14-12-2017,01-04-2025,22-05-2053,40639,5400,64122,9876543491,gajendra.sinha8@email.com,Full-Time,16255,gsinha1,Active,1828,Active
RF492,Aarti Nair,Female,Associate Professor,Physics,Teaching,Permanent,Union Bank,Q3,PF12836,Standard,S5,EMP492,18-08-1994,19-07-2025,01-04-2025,18-08-2054,47568,5400,74135,9876543492,aarti.nair9@email.com,Full-Time,19027,anair3,Active,2140,Active
RF493,Deepti Gupta,Female,Professor,Mathematics,Teaching,Permanent,PNB,Q4,PF12837,Standard,S5,EMP493,22-04-1995,24-10-2024,01-04-2025,22-04-2055,64909,6600,100392,9876543493,deepti.gupta1@email.com,Full-Time,25963,dgupta1,Active,2920,Active
RF494,Jagdish Chauhan,Male,Associate Professor,Sociology,Teaching,Permanent,Bank of Baroda,Q4,PF12838,Standard,S2,EMP494,24-08-1996,14-06-2024,01-04-2025,24-08-2056,42504,5400,66817,9876543494,jagdish.chauhan6@email.com,Full-Time,17001,jchauhan2,Active,1912,Active
RF495,Swati Singh,Female,Assistant Professor,Economics,Teaching,Permanent,PNB,Q3,PF12839,Standard,S4,EMP495,11-09-1997,05-08-2024,01-04-2025,11-09-2057,44218,5400,69294,9876543495,swati.singh7@email.com,Full-Time,17687,ssingh1,Active,1989,Active
RF496,Rekha Das,Female,Associate Professor,Economics,Teaching,Permanent,Canara Bank,Q1,PF12840,Standard,S5,EMP496,10-10-1998,08-09-2026,01-04-2025,10-10-2058,45322,5400,70889,9876543496,rekha.das5@email.com,Full-Time,18128,rdas2,Active,2039,Active
RF497,Suresh Agarwal,Male,Lecturer,Civil Engineering,Teaching,Permanent,Bank of Baroda,Q1,PF12841,Standard,S3,EMP497,10-09-1999,23-07-2028,01-04-2025,10-09-2059,41244,5400,64996,9876543497,suresh.agarwal4@email.com,Full-Time,16497,sagarwal1,Active,1855,Active
RF498,Veena Krishnan,Female,Executive,Placement,Non-Teaching,Contract,Bank of Baroda,Q3,PF12842,Contract,S6,EMP498,09-04-2000,12-01-2031,01-04-2025,09-04-2060,37033,4800,58312,9876543498,veena.krishnan6@email.com,Full-Time,14813,vkrishnan3,Active,1666,Active
RF499,Priya Tiwari,Female,Lecturer,Physics,Teaching,Permanent,Canara Bank,Q3,PF12843,Standard,S6,EMP499,14-10-2001,05-03-2032,01-04-2025,14-10-2061,38289,5400,60727,9876543499,priya.tiwari7@email.com,Full-Time,15315,ptiwari1,Active,1723,Active
RF500,Shruti Chauhan,Female,Lecturer,Mechanical Engineering,Teaching,Permanent,PNB,Q4,PF12844,Standard,S6,EMP500,21-07-2002,22-07-2030,01-04-2025,21-07-2062,41028,5400,64685,9876543500,shruti.chauhan3@email.com,Full-Time,16411,schauhan2,Active,1846,Active
